at,content,score
"2025-11-07 01:40:55,""Dear para staff Toco. Aplikasinya udah nyaman buat dipake (simple). Tapi kalo bisa soal transaksi sama kurir ada lebih banyak opsi pemilihan (biar lebih fleksibel), untuk transaksi kalo bisa diadakan pembayaran secara offline (lewat minimarket). Dan untuk seller, kalo bisa lebih diseleksi. banyak nemu beberapa toko yang fiktif, gambar foto produknya aja ngambil dari google, atau dari toko yang lain"",5"
"2025-10-31 05:33:42,""Aplikasi ini luar biasa! Navigasinya sangat intuitif dan antarmuka pengguna terasa ringan dan cepat—sangat membantu saat saya mencari barang bekas yang tepat. Transaksi dilakukan dengan aman, pilihan pembayaran lengkap, dan fitur chat antar penjual-pembeli memudahkan komunikasi langsung. Yang paling saya suka: gratis komisi untuk penjual, benar-benar membuat jual-beli jadi lebih hemat. Layanan pengiriman fleksibel dan kualitas barang sesuai deskripsi. Dukungan pelanggan juga responsif ketika"",5"
"2025-10-23 12:29:55,""aplikasi sering update dan termasuk konsisten,tapi sayang belum ada bayak pembeli belanja di toco( seperti pajangan hanya dilihat tampa dibeli) karena toco jarang sekali untuk promosi iklan,mungkin bisa youtube,sosmed lebih sering,sehingga bayak pembeli yakin belanja di toco,dan didukung expdisi lengkap seperti oren dan hijau yg selalu promosi terus.,seller yg di markepplace lain bisa merasakan jg dampak pembeli seperti 2 marketplace besar saat ini."",3"
"2025-10-21 02:45:54,""Aplikasinya mantap!! Sangat cocok untuk pemula berjualan online. Dengan fitur terbaru. Sudah support drop off ataupun pick up, terdapat kurir toko untuk produk digital. Tampilan simple dan mudah digunakan. Sering update jadi lancar saa digunakan. Dan CS nya bukan bot, jadi sangat membantu ketika ada masalah"",5"
"2025-10-30 08:39:14,""Toco hadir sebagai platform jual-beli berbasis komunitas yang menjanjikan bebas biaya admin untuk penjual. Tampilannya simpel, daftar toko dan barang mudah, cocok untuk UMKM. Fitur “kurir toko” dan zero potongan sangat menarik. Namun sebagai pembeli pengalaman masih agak terbatas pilihan produk dan volume pengiriman—tapi secara keseluruhan Toco merupakan alternatif yang sangat layak dicoba jika kamu ingin dukung penjual kecil dan cari platform yang lebih ramah."",5"
"2025-10-15 08:51:14,""Keren bgtt gila ngebantu bgt aplikasi ini , bisa drop off dan pick up . . Tampilannya juga sangattt simple... proses jual belinya juga gampang. Proses pindah data juga ga ribet. Yang terpenting cs nya juga bukan bot. Tim nya juga akan ngebantu buat migrasi. Pokonya recommended bgt dahhh gaiss💕"",5"
"2025-11-08 10:59:58,""Ibarat sebuah mall, aplikasi ini cocok untuk orang yg ingin belanja di mall lain yang penuh dengan variasi dan keunikan tersendiri. Saya sudah coba belanja di sini. Ternyata asyik juga. Silahkan rasakan sendiri sensasi belanja di sini. Yang pasti aman-aman saja."",5"
"2025-11-03 03:08:40,""buat orang baru mulai jualan online kaya aku, aku beneran terbantu banget sama aplikasi ini! Tampilan aplikasinya simple dan mudah dipahami, jadi gak bikin bingung pas pertama kali pakai. Proses drop off dan pick up juga fleksibel, jadi gak perlu repot kirim barang sendiri."",5"
"2025-10-13 06:29:57,""Aplikasinya keren banget! 😍 Proses jual belinya gampang, tampilannya simpel dan nggak ribet. Harga barangnya juga lebih hemat dibanding tempat lain. Selama pakai, belum pernah ada kendala berarti. Pokoknya recomended banget buat yang suka belanja online dengan aman dan cepat! 👍"",5"
"2025-10-13 02:12:23,""Aplikasinya keren! Cocok banget buat yang baru mulai jualan online. Udah support drop off & pick up, ada kurir toko untuk produk digital, dan tampilannya simpel banget. Update-nya juga sering, jadi makin lancar dipakai. Plus, CS-nya bukan bot, jadi kalau ada masalah langsung dibantu. Timnya juga bantuin waktu aku mau pindah data toko. Mantap!"",5"
"2025-10-13 21:34:19,""udah sering pake ini apk, jjur oke banget buat pemula yang mau jualan online soalnya udh termasuk drop off dan pick up jdi g ribet urus kirimannya. fiturnya juga update terus makin bagus, keliatan bgt timnya konsisten improve. ada juga improvisasi sm big seller bahkn bisa loh pakai kurir toko buat produk digital juga. tampilannya cocok buat awam simpel mudah dipahami gak ribet apalagi CS bya bukan bot kaya yg lain. Yang paling keren itu si tim nya bantuan proses imigrasi juga loh. keren!"",5"
"2025-10-19 07:43:44,""aplikasi yang keren bangett banget Bisa drop off dan pick up Cocok banget untuk pemula yang baru mulai berjualan online, Fiturnya terupdate sesuai dengan perkembangan zaman sekarang jadi mempermudah sekali Improvement dari toco sangat konsisten Integrasi yang Bigseller dan Kurir toko untuk produk digital Tampilannya simple jadi sangat mempermudah dan yang lebih penting CS BUKAN BOT jadi jangkauannya bener bener tepat ke konsumen Teamnya sangat membantu untuk migrasi"",5"
"2025-10-21 11:12:50,""Beberapa toko banyak yang ada stock barangnya tapi ketika di chat ke penjual barang habis/stock kosong,.. tolong buat pengembang/pemilik aplikasi TOCO di beritahu/ notif ke penjual jika barang tidak ada jangan dilabeli stok ada/stock barang banyak..."",5"
"2025-10-24 15:48:35,""Sering nemuin seller gak niat jualan mulai dichat gak dibalas, ditanya stok ready apa gak dijawab ready tapi gak dikirim sampai dibatalkan sistem dan seller sudah salah masih bersilat lidah. Admin toco juga gitu dikomplain masalah dana refund sama sekali gak menguasai aturan memang aplikasi payah harus banyak belajar lagi terutama seller abal2 yang cuma pengen coba2 jualan online"",1"
"2025-10-25 01:36:09,""aplikasi ini cocok banget untuk yg ingin berjualan online pertama kali, dengan barang yang tentunya best penjuala, ditambah cs nya yang ramah, dan bisa drop off dan pickup barang,dengan fitur terupdate dan terlengkap cocok untuk pemula yang ingin berjualan online"",5"
"2025-10-20 04:36:53,""Baru beberapa minggu install, suka tampilannya simple clean. dapet harga murah dari diskon 🤭 Fiturnya juga banyak dan terupdate. oke buat dicoba"",5"
"2025-10-16 13:32:07,""kenapa baru ada aplikasi ini yaa ? tampilannya simpel jadi ga loading lama2 harganya oun bersaing bgt dan respon cepet bnyak fitur yg membantu bgt ,, suksesn terus semoga makin berkembang baik"",5"
2025-10-22 02:55:08,pengembalian uang dari pesanan yg tidak di konfirmasi tidak masuk lagi ke rekening utama aplikasinya amanah dalam 3 hari uang sudah masuk kembali terimakasih cs nyaa,5
"2025-10-25 01:38:28,""aplikasi ini sangat keren bagi pemula seperti sya yg bru mulai berjualan, dan fitur-fitur d aplikasi lumayan bagus, pokoknya rekomended banget, mantap pokoknya"",5"
"2025-10-01 14:49:08,""Sepi karena ongkos kirim nya MahaL, Ongkir selisihnya jauh beda antara Aplikasi dan Direct (beli tanpa aplikasi), kok bisa begitu yaa, dan pembayaran TT Bank hanya mengistimewakan BCA, Bank Lain harus belanja 100rb, kenapa di buat begitu yaa... ya jadi sepi loh .."",5"
"2025-10-30 03:18:10,""buat kalian yang baru terjun di olshop wajib coba apk ini sih, best banget untuk pemula.. tampilan simple, fitur udah terupdate, ngga ribet."",5"
"2025-10-13 05:28:32,""senang banget ada aplikasi jual beli ini. bisa memanfaatkan fiturnya yang terupdate, bisa drop off dan pick up juga, jadi cocok banget buat pemula yang mau coba-coba jualan, yang paling penting, CS nya bukan bot, bener2 terbantu. semoga lebih keren lagi ke depannya"",5"
"2025-08-22 03:30:58,""Bintang 5 buat Toco! Aplikasi ini beneran ngebantu banget buat yang baru mulai jualan online kayak aku. Fitur drop off dan pick up-nya praktis banget, jadi nggak perlu repot-repot ke ekspedisi. Yang paling keren, ada kurir toko buat produk digital, jadi jual e-book atau template juga gampang. Tampilannya simple dan nggak bikin pusing. Paling suka sama CS-nya yang beneran manusia, bukan bot, jadi pertanyaan aku dijawab tuntas. Pokoknya, buat yang mau mulai bisnis online, Toco wajib banget dicoba"",5"
"2025-11-08 07:55:09,""aplikasi nya bagus , keren bgt . Adminnya cepat tanggap ,ada kendala langsung ditangani . semoga ke depannya tambah bagus lagi. good joob 👍"",5"
"2025-10-21 20:04:11,""untuk aplikasinya sudah bagus,hanya saja pembayaran terlalu ke BCA dan sebelum update ada pembayaran via ovo dan sekarang sudah di hapus, kalau bisa di tambahin pembayaran bukan hanya ovo,gopay dana dll"",3"
"2025-09-17 00:00:08,""aplikasi nya sangat simpel dan cukup di mengerti, sama seperti aplikasi yang sudah ada, yang perlu di tambahkan gratis ongkir, sistem pembayaran cod, game untuk mendapatkan point atau voucher, voucher potongan harga, toco food, bisa di gunakan untuk membeli tiket tempat destinasi wisata, bisa di gunakan untuk membeli tiket transportasi, bisa di gunakan untuk pesan hotel dan homestay, bisa di gunakan untuk membayar tagihan air listrik dan sejenisnya,bisa order jasa bersih rumah sama angkat barang"",5"
"2025-11-04 14:43:08,""Marketplace ini punya variasi produk yg lumayan luas, harga nya pun cukup bersahabat. Tampilan aplikasi nya jg menarik bagi pengguna baru."",5"
"2025-09-21 16:16:16,""unexpected, ternyata aplikasi nya jauh lebih simple penggunannya dari marketplace yg lain. Bahkan lebih mudah, lalu foto foto yg dipajang di toko"""" ntah kenapa semua terlihat lebih jelas dan cerah.👌🏻 good toco, semoga semakin banyak fitur menarik lainnya juga."",5"
"2025-10-13 05:30:45,""aplikasi yang oke banget sih menurut aku, simple ga ribet dan selama pakai aplikasi ini tidak ada kendala sama sekali,justru sangat membantu bagi pemula yg ingin jualan online seperti sy, trs kalau kita pengen belanja jg ga kalah oke sama apk sebelah. worth it lah."",5"
"2025-10-30 07:02:47,""aplikasinya mantabb, cocok untuk pemula jualan online, tampilan aplikasinya simple ga ribet. harga barangnya juga lebih murah"",5"
"2025-10-14 04:11:17,""First time banget install aplikasi toco dannnn ternyata buat tampilannya user friendly banget😍. Cocok untuk pemula yg baru mulai jualan online. Produknya juga lengkap yaa. Walaupun untuk jateng belum banyak. Tapi gpp , tetep suka sama aplikasi ini. Jaya terus ya toco , semakin baik kedepannya 🥰"",5"
"2025-10-13 09:31:18,""sebagai mahasiswa dan anak kost biar ga Bebani orang tua inisiatif jualan online dan teman"""" saya pada nyuruh nyoba pake aplikasi ini dan ternyata bagus banget mana cs bukan bot lagi,cocok banget buat aku yg baru nyoba jualan online,anak gen z pasti pada suka tampilan aplikasi ini kayak simple gitu,mana bisa jual apapun lagi dari kendaraan pun bisa,mantap lah pokonya 😭😍"",5"
"2025-10-13 06:19:12,""asli ini apk cocok banget buat pemula yg mau jualan online, fiturnya selalu update jadi lengkap bgt dan mudah dipahami juga, tapi yg paling bikin happy itu cs nya bukan bot jd kalau mau tanya2 jawabannya pasti memuaskan"",5"
"2025-10-13 05:33:10,""Selama penggunaan aplikasi ini saya senang karena tampilannya dibuat simple, jadi cocok banget buat pemula yang baru berjualan online. Trus sejauh ini belum ada masalah dengan aplikasinya, jadi recomended banget buat jualan online"",5"
"2025-10-13 03:03:16,""aplikasi yang bagus sangat memudahkan berbelanja, serta banyak promo dan gratis ongkir. juga banyak fitur fitur menarik yang gak ada di aplikasi lain, mantap toco👍"",5"
"2025-09-28 03:06:59,""Enak banget pake aplikasi ini, bisa drop off & pick up jadi gampang kirim barang. Buat pemula jualan online juga nggak ribet karena tampilannya simple. Fitur sering diupdate, ada integrasi Bigseller, sampai kurir khusus produk digital. CS-nya juga manusia asli bukan bot, dan timnya bantuin migrasi. Mantap banget"",5"
2025-10-13 05:29:42,Tampilan simple dan ga ribet jadi bikin kita gampang banget buat checkout & belanja. Semoga semakin sukses ya Toco,5
"2025-09-25 09:49:53,""suka saya dengan aplikasi toco karena terkesan lebih simpel dan mudah digunakan dibanding marketplace lainnya, minusnya cuma banyak yg harus dikembangkan seperti perluaskan aplikasi agar lebih banyak orang yg tau"",4"
"2025-08-19 11:13:39,""bagus aplikasi nya. jualan gak kena potongan admin gede2. gak ada bayar ini dan itu. gak ada potongan gratis ongkir dll. duit kita terima utuh... tapi sayang aja. pencairan nya di jadwalin. apes klw kena hari libur, ya sdh nunggu berhari2 smpe hari kerja baru deh bsa masuk duit kita... klw pas lagi butuh urgent gtu, jd pusing liat saldo gak cair2 🤦 next update tolong lah buat kita bisa cairkan saldo kapan pun kita mau. gak ikutin sistem, nyesek soalnya"",5"
2025-08-28 05:00:34,toco aplikasi untuk berbelanja lebih simpel... cs nya juga ramah meskipun harus nunggu lama tapi pelayanan.y memuaskan.. tingkatkan lagi pelayanan dan sistem nya ka biar cs tidak terlalu cape melayanin custumer yang komplen hal sepele kaya pembatalan..,5
"2025-08-22 03:33:24,""Aplikasi merchant baru dengan fitur lengkap dan simple. Improvement nya konsisten deh, yang wajib dicoba sih... Dan buat yang mau jualan bisa kok drop off dan pick up sih. Cocok banget buat para pemula berjualan online."",5"
"2025-09-18 02:45:24,""Aplikasinya ringan, gampang dipakai, navigasinya jelas jadi ga ribet. CS nya juga responsif banget, bantuin kalau ada masalah. Ongkir jadi hemat banget apalagi ada diskon Paxel sama PosAja. Ada Toco juga yang lumayan lengkap buat kebutuhan harian, cocok banget buat UMKM. Website keliatan profesional, kalau nanti ada fitur COD pasti makin oke."",5"
"2025-08-27 05:03:24,""terlalu lama kalo buyer ga selesaiin pesanan, harus nunggu 3x24 jam. padahal 1x24 jam udah lebih dr cukup buat periksa barang. karna kita seller jg harus cepet muter duit buat dagang."",3"
"2025-08-18 07:43:47,""tolong untuk fitur pencarian nya di perbaiki kak, karna sering kejadian saya mau mencari """" kos polos pria"""" tapi yang muncul adalah """"mainan anak-anak"""" saya harap semua fitur nya bisa lebih di optimalkan lagi kalau sudah saya kasih bintang 5 deh ini"",2"
"2025-09-24 04:55:13,""Bug di aplikasinya sangat mengganggu, terutama saat pengen checkout barang. Ketika memilih jasa kirim, malah kembali ke keranjang dan muncul keterangan 'barang tidak ditemukan di keranjang'"",1"
"2025-08-22 03:30:37,""Jualan online jadi lebih mudah! Paket bisa dijemput kurir, cocok banget untuk pemula. Fitur selalu di-update, integrasi dengan Bigseller lancar, tampilan simpel dan ringan. Ada website toko pribadi, jadi lebih profesional. Customer service beneran manusia, ramah, dan timnya sigap bantu migrasi. Semua kebutuhan jualan terasa lebih praktis dalam satu tempat."",5"
"2025-09-19 07:05:27,""Sangat sangat membantu ini aplikasi,,cuma saran saya agar lebih baik lagi palayanan nya agar pengguna jadi nyaman,terutama di masalah notifikasi yg agar telat,,tpi selebihnya sangat"""" bagus jangan lagi ragu buat downlod apk nya"",5"
"2025-09-15 22:45:43,""Saya bantu kasi bintang 5 aj dulu, Sebenarnya kurang suka krn kurang responsif alias masih lemot kalau buka menu dan lainnya. Tolong yg team IT nya diperbaiki dong"",5"
"2025-09-15 05:19:04,""wihhh nih aplikasi keren bangettt, ringan dan mudah di gunakan buat aku yang baru memulai sangat membantu bangett banyak diskon nya pula dan yang terpenting hemat sama ongkir sii apalagi ada fitur cod jadi ga khawatir barang ga datang, Toco memenuhi kebutuhan aku bangett dan UMKM yang friendly"",5"
2025-09-25 06:15:37,baru download aplikasi ini pas coba buat belanja mau Check out maLah baLik Lagi ke barang keranjang tidak ditemukan... udah nyoba berpuluh2 kaLi tetap begitu terus... bagaimana sih ini aplikasi. ckckckckck. nanti kaLo bug nya sudah dibenahi saya rubah rate nya dan ulasannya 😌,1
2025-10-06 05:10:07,dapat info dari toko langganan di toko ijo kalau dia jualan juga ditoco. sejauh ini baru lihat lihat dulu sambil mempelajari semua fitur dan produk yang ada. sayang sekali marketplace baru tapi promosinya kurang gencar.. saran aja min adain pembayaran via kredivo dong.,5
"2025-09-10 15:40:37,""tolong di perbaiki lagi sistemnyaa .. Masalah update"""" pengiriman atau apapun.. yakali sudah pesan barang mau cek informasi nya saja nggak nongol"""". tolong di perbaiki jangan kayaaaak taaiiii ajg"",1"
"2025-09-18 02:47:11,""suka sama aplikasi toco ini, fiturnya mudah digunakan, apalagi hemat ongkir kalau pakai PosAja, cs nya juga responsif banget , saran min tambahin fitur COD, enak belanja di sini murah murah soalnya"",5"
"2025-09-28 03:23:55,""aplikasi ini cocok banget untuk yg ingin berjualan online pertama kali, dengan barang² yang tentunya best penjuala, ditambah cs nya yang ramah, dan bisa drop off dan pickup barang,dengan fitur terupdate dan terlengkap cocok untuk pemula yang ingin berjualan online"",5"
"2025-09-17 11:51:29,""untuk seller sudah oke, apalagi kalau di set pengiriman via POS INDONESIA. Tapi kedepannya harus lebih memperhatikan buyer juga, karena daya beli tinggi juga bagus untuk perkembangan kedepan buat TOCO. Fee seller ada juga gpp, dengan catatan nominal yang tidak merugikan seller."",5"
"2025-08-22 04:47:40,""aplikasi oke bangett! tampilan simpel tapi menarik, bisa pke jnt jne plus bisa gratis ongkir cocok sih buat pemula kayak aku yg pengen punya toko online sendiri"",5"
"2025-08-18 13:18:47,""apk nya bagus, saran saya adain fitur withdraw jadi bisa tarik saldo di waktu kapan pun update ulasan: tolong dong admin kenapa ya kadang aplikasi nya loading terus padahal sinyal lagi bagus dan ga bermasalah, mohon di tinjau ya admin terimakasih"",5"
2025-08-22 03:30:25,akhirnya ketemu aplikasi yang mempermudah banget buat transaksi jual beli. cocok banget buat pemula kek aku. aplikasi nya mudah dipakek tampilan nya jugak simple,5
2025-09-08 01:53:09,yg bener aja min.. mao beli velg sepeda seharga 300rb hitungan 15kg dari jkt ke lampung masa ongkir nya cuma nongol JNT dan si cepat( biaya ongkir 495rb - 555rb) seller sudah aktifkan jne trucking/cargo malah gak ada pilihannya. walah... gimana customer mau beli klo kaya begini. pdhal ongkir kargo jauh di bawah itu.,1
"2025-08-25 14:05:10,""bagus dan mudah di pahami untuk saya sebagai seller di beberapa apk belanja online,, saran saya Adain fitur cod dan fitur ekpedisi nya di perbanyak lagi,sama kadang suka susah jaringan , pdahal jaringan di hp bagus.. terimakasih"",5"
"2025-08-22 05:26:36,""Aplikasinya ringan banget di hp . Download nya aja cepet 😁 cocok nih untuk pemula yg mau memulai usaha untuk berjualan online di aplikasi ini , tampilannya simple mudah di mengerti semua kalangan. Bisa drop off dan pick up juga loh . Recomended 👍"",5"
"2025-08-28 06:13:14,""Mantab Marketplace yg bebas admin, semoga semakin berkembang kedepannya. buat seller² yg masih aktif jualan di Oren atau ijo atau yg lainnya, yuk di forward ke sini buyer²Nya biar makin ramai transaksinya disini, buat developer toco semangat utk menyempurnakan feature² yg sudah ada, klo bisa ditambah lagi biar makin lengkap kaya MP lain"",5"
"2025-10-10 02:12:09,""sangat sampah, kebijakan perusahaan untuk refund pada jam 18:00-20:00 WIB sangat tidak jelas, sistem dari aplikasi sendiri sering error. setidaknya kalo sudah tau sepi CS perbaiki dong ini mah sama aja bunuh diri"",4"
"2025-08-27 15:16:55,""app udah oke, tapi tolong masih banyak bug, dan kecepatan update invoice/resi di tingkatkan lg, biar dikit² gak kontak ke cs, selebihnya TOCO udh kereeennn👍🏻👍🏻"",5"
"2025-09-10 05:47:56,""Mending jangan pake aplikasi ini kalau misal takut ada penipuan toko, karena tidak ada pilihan win win solution kalo kita lagi di tipu selller, yang ada pembeli malah makin rugi. saya merasakan hari ini ."",2"
"2025-09-18 02:39:50,""aplikasi sangat membantu untuk kebutuhan sehari hari, sangat mudah digunakan, user friendly, perbanyak Update Barang baru/toko2 jualan baru , sangat membantu untuk keperluan bisnis"",5"
2025-09-28 03:17:57,bisa drop off dan pick up cocok untuk pemula yang mau berjualan online dan juga improvement konsisten juga pakai ini cas bukan bot,5
2025-10-24 18:13:34,bagus banget aplikasinya sangat membantu banget fiturnya dan mudah dipahami dan fiturnya terupdate mantap semoga semain banyak yang pake 👍,5
"2025-10-23 06:46:37,""luar biasaaaa!!! aplikasinya keren baget, fiturnya mudah dipahami dan gampang di pakainya."",5"
2025-09-28 03:09:20,Saya sangat senang dengan pengalaman berbelanja di aplikasi ini. Saya awalnya mencari barang dan menemukan banyak pilihan di sini dengan harga yang kompetitif. (Produk & Pilihan),5
"2025-10-20 17:02:16,""Terimakasih sudah membuat marketplace bisa di akses warga lokal, bukan seperti Tokopedia dan Shopee ( prioritas warga asing dari pada lokal )"",5"
"2025-11-03 11:11:08,""dikasih opsi TARIK SALDO dong , jangan nunggu otomatis , kelamaan sama pesanan sudah selesai tp saldo gak muncul"",3"
"2025-10-18 21:24:24,""admin kenapa pembayaran melalui shopeepay nya nggak ada ya, padahal sbelumnya ada, dan udah pernah pesan barang bayarnya pakai shopeepay, selarang malah ilang"",5"
"2025-09-28 03:04:55,""aplikasi sangat ringan dan mudah cocok buat pemula yang berjualan, CS pun responsif dan juga bisa drop off dan pick up barang jadi penjual tidak repot"",5"
"2025-11-07 08:35:54,""pajang aja dulu, rezeki nyusul, apk masih perlu perbaikan .(maklum masih baru) kalo ada gratis ongkir mantaaaf nih apl, pasti rame, pake banet."",5"
"2025-10-31 08:02:07,""Untuk saat ini dukungan Toco untuk seller cukup baik. Semoga lebih ditingkatkan lagi fitur dukungan untuk para seller, agar lebih baik lagi"",5"
2025-11-03 01:49:06,Masih sangat harus ditingkatkan algoritma pencarian dan buat aplikasinya jadi lebih ringan,5
2025-10-28 23:47:24,Aplikasi nya sangat bagus cocok banget buat jual beli dan mudah saat pembelian. maju teruss toco 🤩🤩,5
2025-08-30 17:15:18,tambah produk gak bisa dihp & login didevice tablet gak bisa.. sering terjadi kegagalan.. sudah 2 kali ngetik soalnya.. mohon diperbaiki kak..,4
2025-09-27 02:36:09,Halo toco aku mau kasih saran berbaikan dulu untuk metode pembayaran ya karena masih belum ada cod dan e walet menurut ku gak semua orang menggunakan bank dan juga agar penjual bisa memilih metode pembayaran ya,5
"2025-10-17 11:13:42,""aplikasi berat di bukanya , + nga bisa COD untuk pembayaran nya . klo dah bisa COD aplikasi baru tak bintang 5"",1"
"2025-10-23 10:30:54,""tolong bug di chat seller diperbaiki dong,soalny pas dibuka chat nya tidak kebaca,,,selebihnya cukup oke"",5"
"2025-10-28 05:33:44,""Aplikasinya gampang dipakai, fiturnya lengkap, dan ngebantu banget buat yang baru mulai jualan"",5"
"2025-10-13 02:36:24,""bgus, tampilannya simple, mudah di mengerti, untuk pemula yg mau jualan online jg bisa bget, proses kirim mengirim nya jg gampang, good toco👍🏻"",5"
"2025-10-14 11:13:42,""lewat pc mau tambah produk..susah. lewat hp bisa.. masih sepi kaya kuburan. boro2 transaksi chatpun gaada. ditoko oren,ijo sudah ribuan transaksi."",2"
"2025-09-09 13:18:45,""aplikasi aneh,ga ada fiture batalkan pesanan/Pesanan otomatis batal paket udah 4 hari ga di krim kirim di chat saller juga respon mohon di update lagi aplikasi nya, menyusahkan orang"",1"
"2025-08-29 11:41:20,""saya sangat kecewa dengan pengembalian dana refund sampai 3 hari di karenakan saya sudah menulis alamat yg benar tiba² ada kata tmpt kota yg tidak saya tulis , seller menyuruh saya cancel karna alamat beda dan akhirnya barang yg ingin saya beli di ambil orang lain sangat mengecewakan dan tidak bagus"",1"
"2025-09-24 04:21:40,""sebelm update milih alamat gabisa, ini hbs update mau Co mlh gabisa, item dikeranjang jg ilang... tolong perbaiki secepatnya... kalo udah diperbaiki bintang nambah... terima kasih..."",1"
2025-10-13 09:26:00,Transaksi di Toco ga ribet berkat opsi logistiknya yang lengkap. Adanya pilihan bisa drop off dan pick up. Zero komisi pula!,5
"2025-09-17 08:02:19,""kesan pertamaku jual barang ditoco oke lah, walaupun ada aja masalah kaya update informasi pelacakan paketnya yg agak lambat, tapi itu cukup terbayar dengan respon minco yang cepat"",4"
"2025-08-22 03:56:53,""aplikasi nya mudah digunakan,dan mudah dipahami,bisa jualan juga disini ,dan juga bisa berbelanja kebutuhan sehari-hari dan juga yg lain nya , fiturnya lengkap"",5"
"2025-08-22 04:21:50,""Aplikasinya sangat membantu, tampilannya sederhana dan fiturnya lengkap. Proses transaksi cepat dan aman. Overall sangat puas, rekomendasi 👍."""""",5"
"2025-06-10 01:49:04,""Langsung saja ke point yang harus diperbaiki : 1. Aplikasi ringan, TAPI masih ada sedikit gangguan2 kecil. 2. Ongkirnya masih mahal, dan kurangnya promo gratis ongkir, dan penjualnya juga belum terlalu banyak jadi agak kesulitan mencari penjual yang 1 daerah agar lebih menghemat ongkir & Vouchernya promonya masih sedikit yg bisa dipakai 3. Metode Pembayaran terutama dengan virtual account minimal 100.000 terbilang sangat tinggi, padahal aplikasi2 sebelah 1000 aja bisa pakai virtual account."",3"
"2025-08-31 01:14:07,""perbaiki dulu, """"gagal memuat produk"""" terus. nanti klo sudah difix dan saya ingat. akan saya review kembali. edited : okelah saya tambah jd bintang 3 karena respons nya."",3"
2025-09-15 05:23:09,Aplikasi nya sangat ringan di hp kentangku ini🥹 Hemat ongkir PosAja juga jadi makin suka belanja di sini. terimakasih sudah buat aplikasi sebagus ini terus tingkatkan kemampuan nya.,1
"2025-08-21 01:05:56,""untuk atur pengiriman, krn barang berat.....tolong yg via pengiriman cargo juga ada....biar pembeli dpt ongkir lebih murah"",4"
"2025-10-13 06:21:16,""awalnya iseng ini apk apaan, taunyaa baguss ahahah, worthit banget lagi si harga harganya jugaaa, mantap lanjutin tacoo"",5"
"2025-08-21 14:24:54,""simple dan ringan, seperti tokped beberapa tahun lalu. kalau masih sepi ya wajar namanya juga platform pendatang baru. semoga TOCO makin rame dan berkembang ya!"",5"
"2025-08-22 06:06:22,""Wah mantap sekali , aplikasi yang sangat mudah di akses ,csnya sangat baik ,pengiriman melalui ekspedisi apa pun"",5"
"2025-08-22 03:40:16,""wah keren sekali aplikasi ini, memudahkan untuk berbelanja dan bisa untuk berjualan juga, kebetulan saya bisa jualan juga lewat aplikasi ini...."",5"
"2025-08-22 03:39:06,""aplikasi ini sangat bagus dan cocok untuk membeli barang atau alat transportasi yang dibutuhkan, kalian harus mencobanya!!"",5"
"2025-08-22 04:14:38,""aplikasinya ringan,ui nya simple sekali mudah untuk di hafal,apa lagi cs nya bukan bot,berbeda dari aplikasi yang lain 👍🏿"",5"
2025-08-25 13:12:36,dana saya kok gak masuk² rekening bagaimana ini katanya paling lambat tanggal 25 agustus jam 20.00 sampe detik ini belum masuk rekening saya dana penjualanya,1
"2025-08-22 04:17:43,""ada lapak baru ni... tanpa biaya admin dan aplikasinya ringan, user friendly dan pas bagi pemula juga untuk gabung."",5"
"2025-09-28 03:06:25,""Pelayanannya memuaskan, CS responsif banget kalau ada pertanyaan. Jadi lebih tenang dan nyaman pakai aplikasinya."",5"
"2025-09-15 05:26:06,""Kenapa baru tau ada aplikasi sebagus ini? 😭 aplikasi perbelanjaan yang gampang banget dipahami, harga juga murah banget! bisa COD pula! 😍😍😍"",5"
"2025-08-22 05:21:04,""aplikasi sangat ringan buat handphone,csnnya fast respon dan sangat mudah melakukan pembelian serta pengiriman sangat cepat"",5"
"2025-08-22 04:26:19,""aplikasi nya cocok untuk pemula yang berjualan online, tampilan simple , fitur nya terupdate dan konsisten"",5"
"2025-09-28 03:16:13,""Instal lagi di hp satunya, karena emang aplikasi nya ringan banget, di tambah lagi sama fitur-fitur nya sangat membantu"",5"
"2025-09-28 03:07:27,""udah pake lama dan aplikasi ini bagus bangett, cocok buat pemula yg mau berjualan online, karna simple dan ga ribett, mantap ☝🏼"",5"
"2025-09-25 05:53:45,""mau co aja ngebug mulu. tau tau yg ud dikeranjangin ilang, di co kembali terus. pilih payment. error. tolong di update lgi. sy pngguna samsung Zflip 5. berasa blm siap ini app ada"",1"
2025-09-28 03:05:35,bagus ternyata aplikasinya mudah di gunakan tampilan simple cocok untuk pemula berjualan online,5
"2025-08-22 04:12:31,""app ini membantu bnget mudah, cepat aman nyaman,, harga nya juga murah dan affordable bnget buat irt yg belanja di rumah"",5"
2025-09-28 03:21:55,sangat membantu dan mudah dimengerti aplikasi nya dan hargapun variatif bnyak diskonnya. terimakasih,5
"2025-08-18 12:42:04,""sama-sama menguntungkan antara seller,costumer,dan platform adminya masih ngotak dan terbaik saat ini lain dr toktok,,dan toped..."",5"
2025-08-29 01:44:04,terlalu buyer oriented. buyer suka malas konfirmasi. masa harus nunggu 3 hari. 1x24 jam seharusnya udah lebih dr cukup buat periksa barang.,1
"2025-09-18 02:40:01,""Aplikasinya gampang banget digunain, ngebantu banget di aku UMKM. Semua prosesnya mudahhh."",5"
2025-08-22 04:59:34,wahh bagus sekali aplikasi cocok untuk pemula untuk berjualan online bisa pilih berbagai macam pengiriman,5
2025-08-22 05:11:16,saya baru saja mendownload dan suka dengan fitur-fiturnya Bisa drop off dan pick up Cocok untuk pemula berjualan online semoga bisa berkembang usaha saya dengan aplikasi ini,5
"2025-08-24 11:18:35,""haduu.. ini mah web belom siap.. data listing not found mulu, error mulu dimana mana, bikin frustasi. 2 dulu. semangat"",2"
"2025-08-02 18:10:11,""user interface gampang seperti back to basic ala tokopedia dan klasik di era 2018 an sejak buka toko di tokped, Tapi saya senang..hanya sedikit sisipan fitur2 AI text. Walaupun pendirinya org berbeda. Bisa di bilang di nyontek sistem tapi kita gak tau algoritma nya berjalan seperti apa ya. karena mungkin masih anak baru lagi cari2 butuh modal besar buat kenalin ke masyarakat Indonesia., paling yang beli masih sesama seller itu2 aja yang terdaftar. semoga cepat dapat modal ya Pak Bul. hehe."",4"
"2025-11-01 14:52:00,""ini kenapa ya metode pengirimanya hilang, pas mau chekout tidak ada pengiriman yh bisa dipilih"",3"
2025-10-24 10:31:54,amplikasi belanja online yang bagus dan terpercaya...tingkatkan lagi untuk menjadi lebih baik lagi,5
2025-11-06 14:21:18,sellernya coba coba doang kaga ada yg niat jualan. beberapa kali belanja semuanya cancel by system,1
2025-10-25 04:15:37,aplikasi bagus .. tp sayang untuk ke wilayah papua tidak bisa cod.,4
2025-06-15 01:10:18,mungkin untuk kedepannya bisa ditambahkan lagi untuk metode pembayaran seperti pembayaran via Indomaret Alfamart dan lain lainnya juga untuk pembayaran via QRIS Kalo bisa jangan dibatasi sampai maksimal transaksi hanya 500 ribu tapi biarkan aja tanpa batas atau unlimited karena untuk transaksi dalam jumlah besar jika ingin mengunakan Qris Tidak bisa juga mungkin untuk pertimbangan Pihak toco bisa memisahkan antara aplikasi untuk belanja dan aplikasi untuk penjual nya agar lebih praktis dan mudh,4
"2025-07-01 07:06:34,""sebenarnya sudah bagus ada fitur Kurir Toko, sayangnya gak ada fitur edit produk secara masal dan CS whatsapp slow respon. yang jadi masalah adalah bagaimana jika pembeli tidak menekan tombol selesaikan pesanan? apakah akan selesai otomatis atau harus menghubungi CS? sedangkan CS nya slow respon. Saran2: 1. Tambahkan fitur edit produk secara masal 2. Tambahkan fitur jam kerja / jam operasional toko 3. Tambahkan nomor resi untuk jasa pengiriman """"Kurir Toko"""" 4. Tambahkan fitur iklan produk / toko"",4"
"2025-10-17 07:20:41,""mau masuk log-in gak bisa,mau cekout barang juga tidak bisa. aplikasinya error"",1"
2025-10-17 08:07:53,sangat responsif bagus sekali penanganan cepat dan memudahkan penjual mamtap,5
"2025-10-13 12:52:30,""aplikasi nya sangat ringan,bagus untuk berjualan online, aplikasi ini tidak banyak iklan nya, aplikasinya sangat simpel untuk dipahami bahi orang awam."",5"
"2025-06-03 15:49:06,""secara look dan system ,udah cukup baik , tapi saran saya ,tambahkan fitur """"etalase"""" dong ,supaya kalo jualan bisa mudah mengkategorikan masing2 jualannya. karena jualan cukup bervariasi macamnya 😅dari game ,elektronik jadul ,buku ,majalah ,mainan ,kpop ,hp ,merchandise idol jkt48 🤣hahaha fitur etalasenya aja nih yg belum ada pasti bagus kalo dikasih fitur etalase. jd buyer jg enak nyari2 barang di toko kita"",4"
2025-10-20 05:21:13,aplikasi nya keren banget dan mudah di gunakan pokonya badabest,5
"2025-07-05 06:22:27,""aplikasinya bagus ya belanja jadi mudah dan sat set, ada banyak diskon dan hemat ongkir juga ditambah adanya fitur COD pastinya ga ribet kalo mesti keluar rumah untuk transfer. kalo pun ada masalah juga ada CS nya fast respon dan sangat membantu"",5"
"2025-06-01 01:52:34,""Bagus UI nya, sudah lancar tapi agak sedikit lelet, bisa gratis ongkir, namun sayang barangnya masih belum lengkap kayak si orange, mungkin pihak seller belum tau tentang toco, kalau bisa toco promosi bawa blackpink atau dari korea kayak awal awal si orange debut dulu mungkin pada tau semua,"",5"
2025-07-21 08:38:32,Wah mantap sekali aplikasi ini... Sangat mudah diakses dan sangat ringan penggunaannya... Csnya baik sekali... Cepat responnya dan sopan untuk pelayanan jual beli sangat mantul... Dan recomendasi karena tidak ada potongan biaya penanganan... Wow... Sip... Untuk menu aplikasi sangat komplit banget dan buat penjual UMKM sangat cocok sekali ga ada biaya administrasi juga loh... customer service sangat membantu & ramah sekali,5
"2025-07-18 00:33:48,""Cuma bisa nyundul produk terus walau ga ada yg view jg. Karna developer lebih milih kestabilan sistem ketimbang berbarengan merebut pasar...so buat kalian temen2 seller yg mau buka ato pindah kesini, jgn terlalu tinggi ekspektasinya. Karna msh bakal sepi bgt kyk kuburan. Ya kira2 3thn kedepan lah kemungkinan baru ada pengunjung...😁😁😁"",5"
"2025-07-02 02:17:30,""Saya br mau coba buka toko disini.bKenapa kalo mau cek toko keseringan """"gagal memuat cek koneksi internet atau muat ulang"""" terus2an kayak gt pdhl sinyal oke bgt. Saat saya upload produk tp blm sempat edit deskripsi ada pilihan simpan ke draft tp setelah coba gak tau draft td yg kesimpan ada dimana, jd bikin repot hrs ngulang lagi semuanya. Setelah berhasil upload produk ada keterangan """"produk berhasil diupload"""" tp stelah refresh tdk 1 pun muncul iklan produknya. Diperbaiki dong"",4"
"2025-06-30 01:35:37,""Terus berkembang yaa, btw cara hapus history pencarian dimana ? produk yang muncul itu itu mulu karena """"saran berdasarkan pencarian"""" tolong kasih fiturnya , kalaupun sudah ada tolong buat agar lebih mudah dicari... dan buat agar history benar benar terhapus tanpa jejak"",5"
"2025-06-11 20:07:43,""Kak, tolong diperbaiki untuk fitur kurir toko, saya aktifkan & nonaktifkan kurir toko di beberapa produk, tapi produk yang dinonaktifkan kurir tokonya tetap ada opsi dan bisa pilih kurir tokonya saat CO. Padahal sudah atur berat maksimalnya juga."",5"
"2025-06-04 06:30:01,""untuk tampilan sudah bagus dan simpel, namun saya agak kesulitan untuk membeli maupun menjual barang dikarenakan ekspedisi pengiriman masih terbatas dan gratis ongkir juga masih terbatas. Saya harap toco bisa menambah lebih banyak pilihan ekspedisi, metode pembayaran, dan juga voucher gratis ongkir maupun diskon sehingga dapat menarik lebih banyak buyer maupun seller."",5"
"2025-08-08 09:05:48,""sementara bintang 3 dulu ya klo uda diperbaiki sama tambahkan bintangnya.. masih agak lemot loadingnya, metode pembayaran kurang lengkap, sering ada bug muncul error terjadi kesalahan saat ganti pilihan ekspedisi, kadang checkout barang juga susah keterangan terjadi kesalahan"",3"
2025-10-16 16:59:12,sangat membantu untuk pemula yang baru berjualan online dan bisa mudah di mengerti,5
"2025-06-28 06:18:53,""Aplikasi potensial saya sangat yakin. Tapi mohon di update, agar ada fitur bisa update stok (mengurangi/menambah) tanpa harus masuk edit dan masih masuk varian lagi di tiap produk. Seperti di aplikasi IJO & OREN. ---- Fitur yg sangat dibutuhkan bagi seller yg juga punya toko offline, dan stok harus sinkron dengan online setiap hari. ---- Saya punya lebih dari seratus produk, jika harus edit satu persatu tiap hari maka sangat tidak efektif. ---- Mohon juga ada fitur search di halaman atur produk."",2"
"2025-10-10 11:15:58,""Penjual tidak dikenakan pajak, Admin ramah dan bersedia membantu memang aplikasi terbaik"",5"
"2025-06-15 08:18:41,""UI nya udh bagus, cuma mau saran detail alamat untuk pembelian tolong ditambah jangan cuma 100 huruf buat alamat rumah yg aga panjang kaya saya sangat² kurang klo cuma 100 huruf. Semoga next update bisa ditambah dan saran saya di dengarkan. Terimakasih semoga sukses selalu buat tim toco🙏😊"",5"
"2025-07-15 15:41:47,""Toco benar-benar memudahkan saya! Aplikasi ini sangat praktis dan user-friendly. Desain tampilannya simpel dan navigasinya jelas, jadi saya tidak perlu bingung saat pertama kali menggunakannya. Fitur-fiturnya juga lengkap dan sesuai dengan kebutuhan saya sehari-hari. Yang paling saya suka, prosesnya cepat dan respons dari tim Toco juga sangat baik. Jika ada kendala, customer service-nya sigap membantu dengan ramah. Selain itu, performa aplikasinya stabil, jarang lag atau error. Update-nya juga"",5"
"2025-08-08 03:09:24,""Wah aplikasi ini keren banget Ringan banget dan gampang dipakai, tampilannya juga simpel jadi nggak bikin bingung. Cocok buat yang pengen belanja barang baru atau preloved tanpa ribet. CS-nya juga cepat tanggap dan ramah. Pokoknya nyaman banget dipakai! Buat aku yang suka cari barang murah tapi terpercaya, ini rekomen banget"",5"
"2025-08-08 03:16:54,""aplikasi ringan bgt untuk handphone aku, aplikasi mudah digunakan. kalian juga bisa request untuk call cs kalo butuh apa apa, pengiriman menggunakan kurir eskpedisi yg lengkap, ongkir murah apalagi JNE, mendukung para UMKM, semua kebutuhan bisa cari disini."",5"
"2025-09-21 15:29:24,""Sangat mudah di gunakan aplikasi nya, sangat membantu dalam menjual atau membeli produk yang diinginkan , terpercaya mantaap."",5"
"2025-08-22 04:05:09,""aplikasi nya bagus bgt, bisa untuk jual beli barang online dengan mudah dan banyak promonya juga.. mantap pokoknya"",5"
"2025-05-31 18:29:12,""menurut saya masih banyak perlu perbaikan. Saya upload produk untuk dijual, tapi ketika produk diupload sering muncul """"Terjadi kesalahan"""" yang akibatnya produk tidak berhasil terupload sempurna terlihat dari jumlah orang yang melihat produk masih 0. Padahal produk lain yg berhasil 100% diupload jumlah dilihatnya bisa bertambah secara signifikan"",3"
"2025-08-15 03:55:37,""kirain karena baru banyak promo dan vocher nya, ternyata kgk. gratis ongkir juga g ada, cuma potongan max 10k . msh jauh kalau mau nyaingin oren, item, biru sih"",4"
"2025-10-13 02:07:32,""tampilan simpel cocok bngt buat pemula atau yg baru jualan, the best si wajib dicoba buat pemula"",5"
2025-06-16 12:35:52,saya kasih bintang 3 karena admin toco nya responnya lama banget . kami sebagai seller minta solusi masalah resi pengiriman yg tidak update responnya suruh nunggu terus. sudah hampir 1 minggu resi juga tidak update di sistem. mohon diperbaiki lagi pelayanan nya min,3
"2025-06-21 00:22:35,""secara umum, tampilan mudah dimengerti. lalu, saya coba buka toko, masukin produk, tp produk Tidak muncul2 pdhl sdh bolak balik saya refresh, saya kira memang error dan produk tdk terinput di toko. lalu saya input lagi. kali ini produk sdh terinput. beberapa lama kemudian pas saya masuk ke toco lagi, produk saya tadi jd double. ternyata masuk semua. dan mau saya hapus 1 produk biar tdk double, tapi tdk bisa. saya tidak menemukan menu hapus produk. bagaimana cara hapus produk min?"",4"
"2025-10-16 10:09:48,""fitur aplikasi terlengkap, mudah sekali digunakan, apalagi bagi para penjual online, terima kasih"",5"
"2025-08-10 11:11:20,""saya kasih 4 bintang kalo sudah semua terealisasi ganti bintang untuk masukan aja.. judul barang tidak otomatis mencari katagori barang,dan untuk iklan hanya bisa 2 yang di naikian tolong di tambah 2 lagi biar enak.. untuk bebas ongkir belum ada kerena takutnya customer akan bimbang saat membeli kerena tidak ada bebas ongkir.. harusnya di kasih voucher berapa x untuk bebas ongkir biar UMKM berjalan dan aplikasi ini biar naik dibawah shoppe minimal nomer 1 untuk mensejahterakan UMKM"",4"
"2025-05-29 07:09:27,""bintang 4 dulu, belum ada niat belanja sekedar lihat"""" dulu, tolong untuk belanja misal vape jangan kayak yg lain lah harus lewat web, buatkan pengaturan filter aja misal tombol 18+ yang mana fitur ini bisa aktif di apk kalau sudah verifikasi KTP misalnya, thanks"",4"
"2025-06-24 05:19:25,""Saya udah buka toko, enak UI nya gampang gak ribet enak dilihat. Tapi performa aplikasi nya lemot sering blank putih belum secepat marketplace lain. Mohon ditingkatkan performa aplikasi nya."",3"
"2025-05-29 17:54:19,""Untuk Jualan Produk Digital agak susah, untuk Kategori Udah di Klik yang Jasa tapi gabisa atur Variasi produk seperti ukuran dan harga, mohon di update agar sama seperti marketplace orange yang bisa atur variasi produk digital. terus sama Pas upload foto untuk dijual jangan ukuran 1:1 terlalu besar, buat yang agak kecil. biar semua tulisan digambar bisa dilihat, seperti ukuran marketplace pada umumnya"",1"
2025-11-06 07:36:07,aplikasi nya bagus barang semua ori..kalo ada komplain pin lgsng ditanggapi...moga makin sukses toco,5
"2025-07-30 04:46:20,""Aplikasinya oke banget! CS-nya ramah, bahasanya gampang dimengerti, bantuin sampe kelar. Ada diskon ongkir Paxel, kirim bisa lewat cargo JNT & JNE juga. Produk lokalnya keren-keren, harganya pun terjangkau. Mantap pokoknya! ⭐"",5"
"2025-10-10 23:48:36,""sistem trackingnya masih sangat buruk,sehingga pengiriman terlambat dr semestinya tolong diperbaiki"",3"
2025-10-13 06:28:37,wow banget aplikasinya! drop off & kirim barangnya gampang buangettt!! cocok buat gen z yang baru mulai terjun di dunia kerja,5
2025-10-19 04:52:37,bagus pake banget..adminnya selalu fast respon jika ada masalah di transaksi.,5
2025-10-14 10:53:08,aplikasi ini salah satu aplikasi yg baik gambar nya juga jelas mudah dan gampang di akses,5
"2025-07-30 04:38:09,""admin kurang Gerak Cepat, Kalau kita sebagai Penjual kesusahan menyelesaikan pesanan, padahal barang sudah sampai tapi status tetep pengiriman Kalau sudah selesai Transaksi Kenapa harus pending dlu 1hr, kenapa gak bisa secara langsung kayak toko2 lainya"",1"
"2025-10-13 06:58:00,""Gila, aplikasi terbaik, cocok banget buatku. semoga kedepannya ada update atau event²."",5"
"2025-10-13 06:17:55,""sangat cocok untuk para pemula yang ingin berjualan, dengan sistem yang mudah👍"",5"
2025-10-13 10:48:25,ini app yang bisa membantu para penjual pemula berdagang nih mantep banget 🤗,5
2025-10-13 10:55:37,Mantapp cocok untuk pemula yang mau berjualan online seperti saya... sebagai orang tua fiturnya gampang dipahami terimakasih,5
"2025-06-25 22:37:33,""aplikasinya bagus . cuma baru sedikit aja yg install. pembeli saya di toped sudah diarahkan untuk belanja di sini , Krn pembeli saya rata"""" anti tiktok. dikarenakan kebanyakan coorporate. ditambah image tiktok yg kurang bagus."",5"
"2025-08-22 04:51:58,""costumer service nya gaada respon begitu juga toko nya, banyak yang menjual barang tapi ternyata toko nya sudah tidak aktif, kalau bisa bintang 0 aja ini aplikasi binatang"",1"
"2025-07-21 03:27:31,""CS Toco top banget, nggak ribet dan ngasih penjelasannya jelas bangettt!! Apk jual beli terlengkap dan nyari barangnya gampang.. Saran, mungkin bisa ditambah fitur live nya biar bisa lihat barang lebih jelasss atau di tryon.."",5"
"2025-09-18 02:41:38,""applikasi nya sangat mudah digunain sama Irt kayak aku, gak ribet .. cs nya pun sangat responsive"",5"
"2025-06-21 05:11:59,""aplikasinya ringan dan satset. simpel untuk operasinya. ui nya familiar dan menyenangkan. tapi masih ada kendala untuk penambahan catatan toko, min. berkali2 saya coba catatannya hilang lagi/mengulang ke awal. pilihan kurir juga masih terbatas. sementara itu dulu."",5"
"2025-07-05 11:14:15,""halo kak kendala nya di hp saya ram 6gb itel p55 5g, apk toco terasa leg . kurang smooth , dan kalau menyimpan settingan itu lama / gagal contoh mengganti foto profil / menyimpan alamat / menyimpna pengaturan jasa kirim harus berulang baru berhasil . tolong segera diperbaiki ya kendalanya dan semoga toco berkembang pesat . saingi toko oren dan toko item . semangat!.."",4"
2025-08-24 11:22:53,saya sebagai seller toko ijo dari tahun 2018 mengakui ini aplikasi simple. mudah di pakai. semoga makin banyak traffic.,5
"2025-06-14 07:53:35,""Mantap, dana penjualan langsung masuk dlm 2hr tiap jam 6 sore, kalo sdh di klik selesai sm buyer bisa cair hr itu jg (gak kyk Tiktod seminggu baru cair). Smoga makin rame yg belanja di Toco. Aplikasi nya mohon di perbaiki min, sering banget halaman gagal di muat. Ayo seller2 pindah ke Toco."",5"
2025-09-24 11:57:16,Mantap. Marketplace yang jadi andalanku bgt. Tanpa ada biaya admin. Keren. Sekarang aku lbh sering ke toco ketimbang marketplace lain. Mantap.,5
"2025-08-30 09:14:36,""parah aplikasi nya kayak kagak di urus ama developer nya , banyak bug posting apapun kebanyakan gagal tidak bisa"",1"
"2025-08-21 20:11:10,""tolong sistem pencariannya di buat lebih relevan, biar kita langsung ke produk yg kita cari. itu aja sih tolong bgt ini mah."",4"
"2025-10-09 06:43:47,""coba2 jualan disini, ternyata manteppp, respon cs nya juga oke masuk dan bisa mengerti kesulitan yg kita alamin sukses terus untuk toco👍"",5"
"2025-10-04 05:28:16,""gimana jualannya kalau nggak bisa upload produk, gak bs save sbg draft..annoying"",1"
"2025-09-08 01:23:16,""sangat membantu jualan di toco tanpa biaya admin bisa kasih harga lebih murah dr platform lain , the next Tokopedia yg lama .."",5"
2025-08-22 04:09:02,fiturnya memudahkan dalam berbelanja. tampilannya ga bikin bingung kalo mau belanja. suka aplikasi ini,5
"2025-09-15 14:41:04,""Aplikasi marketplace terbaik! Tampilannya user-friendly, transaksi aman, dan banyak seller terpercaya. Sangat memudahkan belanja online."",5"
"2025-09-28 03:05:54,""Aplikasi membantu menurut saya, jual beli apa saja bisa lebih mudah cukup bisa dipahami."",5"
"2025-10-05 11:35:03,""aplikasinya sangat membantu dengan 0% admin fee, memudahkan untuk berkreasi dalam promosi"",5"
2025-09-22 09:13:28,untuk para seller hayu beralih ke aplikasi inii bener bener 0 admin dan suka ada voucher gratis ongkir. untung banyak kalo jualan disini,5
"2025-08-31 04:04:12,""keren si, admin cs sangat tanggap, komunikasi enak. semoga kedepannya semakin maju jaya untuk toco. semangat toco."",5"
2025-08-20 05:51:44,tolong diperbaiki apload produk nya kadang bisa kadang ngga sudah cape2 nulis produk tak muncul,4
"2025-08-25 16:23:51,""masalah ter selesaikan, terima kasih toco langsung di tindak lanjuti dengan cepat,gak nyampe 1 hari sudah terkendali,the best."",5"
2025-09-09 19:20:40,Ok.. Bagus Masih Tahap Penyesuaian Tingkatkan Kwalitas Toko & Aplikasi..,3
2025-09-25 02:34:16,Udah di update masih aja ada bug barang tidak ditemukan di halaman keranjang,1
"2025-08-22 04:18:45,""toko ini bagus banget sih, apalagi untuk para penjual yang newbie sangat memudahkan sekali"",5"
"2025-09-27 14:36:12,""Aplikasinya simpel, CSnya juga responsif banget, TOCO cocok buat UMKM"",5"
"2025-09-04 12:37:48,""lebih simpel, fokus kepada seller dan customer, keduanya diuntungkan dengan aplikasi ini"",5"
2025-09-27 14:04:10,aplikasi jual beli yang mudah dan ringan. Tampilannya informatif mudah dipahami,5
"2025-10-07 08:54:35,""Sangat mudah digunakan , layanan kendala cepat terselesaikan , Terima kasih TOCO"",5"
"2025-06-11 14:48:20,""udah download lama kira"""" 2/3 bln an karna ada yg post di Ig kalo toco lumayan juga buat jualan. ehh baru ada waktu join sekarang. tampilan lumayan. udh post 3 produk but sebelumnya sering kyak eror gak tau kenapa ada tulisannya gitu pas mau post produk padahal sinyal aman. mungkin perlu ditingkatkan lagi yaa inii bug kali yaa. semoga bergabung di toco bisa boom juga jualan nya rame aminn. o iya ini tingkatkan iklan buat narik pembeli di toco ya minn biar yg jualan rame pembelinya...."",4"
"2025-08-27 08:15:38,""mohon untuk optimasi penambahan, penghapusan, arsip produk karena masih harus loading lama dan bbrp gagal"",4"
"2025-08-22 03:37:12,""tampilan simpel, mudah dipahami untuk pemula yg mau jualan atau buat yg mau beli good 🥰🥰"",5"
2025-08-30 08:41:20,hanya butuh sedikit penyesuaian dibagian realtime informasi pengiriman nya,5
2025-09-29 05:58:03,pokoknya toco marketplace yg the best belanja tanpa ribet dan gratis onkir sukses selalu utk Toco yg selalu okk dan barang barang yg dijual disini berkualitas prima semua,5
"2025-09-18 02:45:47,""aplikasi nya bagus, performanya juga ok, cs nya fast respon"",5"
"2025-09-06 00:22:31,""fitur salin barang mohon update, biar lebih mudah upload produk tanpa tulis ulang. support 100%4TOCO"",5"
2025-08-22 05:27:45,wahh aplikasi belanja online bagus.. gak ribet dan banyak diskon..,5
2025-08-22 05:28:55,cocok banget si ini buat pemula yg mau coba jual beli Recommend Apalagi buat saya yg baru di aplikasi ini gampang ngerti nya,5
"2025-06-12 16:42:37,""mohon maaf nih saya baru tau dan nyoba, ternyata untuk upload produk nya lama banget, mohon untuk di tingkatkan ya supaya jadi lebih satset. Mudah mudahan ini aplikasi bisa menyaingi apk apk yng lainnya ya harap update terus yaaa biar kami para pengguna bisa lebih nyaman di apk ini terimakasih"",5"
"2025-06-25 06:34:47,""Aplikasi ringan, Ui simple dan mudah digunakan., The best lah pokoknya. percaya, Sebentar lagi Toco bakalan rame pengguna hanya saja ada sedikit kendala, kadang hasil pencarian produk kurang relevan menurut saya."",5"
"2025-08-22 04:12:04,""mantap, aplikasi nya sangat membatu, jadi gampang buat aku nyari barang barang yang aku butuhin"",5"
"2025-06-02 02:05:36,""Aplikasinya user friendly, semoga kapasitas systemnya bisa ditambah ditambah biar loading makin sat set, bantuan AI nya mungkin perlu perbaikan ya, terutama saat pembuatan deskripsi belum bisa berjalan... semangat toco...."",5"
"2025-07-30 04:04:20,""Ga nyesel pake aplikasi ini. sebagai aplikasi baru cs nya informatif bener jadi ga bingung, mereka bantu sampai tuntas lagi. Apalagi banyak diskon dan ada Fitur cargo JNT dan JNE jdi lebih bisa buat beli barang banyak"",5"
"2025-05-29 16:28:22,""tambahkan COD seperti sistem aplikasi hitam keranjang kuning. jangan dilimit terlalu tinggi nanti customer engga untuk payment. perbaiki saja , masalah customer saya yg cari."",5"
"2025-07-31 14:39:49,""aplikaai berniaga yg sangat bagus, customdr service nya jugak fast respons dan juga sangat membantu pengurusan masalah jika ada. pajak juga tidak tinggi seperti toko yg sebelah 🥀, kalau mau tranksaksi aman lebih aman dan terpercaya lebih baik di toco"",5"
"2025-05-31 13:45:28,""Aplikasi masih terus dalam proses penyempurnaan, dan semakin membaik, Untuk respon CS nya sangat ramah, proses penanganan dan penyelesaian sangat cepat. Jujur saya berharap, semoga aplikasi Toco memberikan dampak positif bagi para Seler di Indonesia. Salam sukses."",5"
"2025-05-29 03:55:48,""Udah bagus banget inimah untung entry level software daripada si toko hijau itu yang makin gajelas sehari hari nya, mending install toco gais untuk para seller Paling untuk sekarang bisa ditingkatkan lagi untuk website nya agar tidak lemot karena upload produk saja bisa 10 menit loadingnya, terimakasih 😁🙏"",5"
"2025-08-04 13:23:18,""Aplikasi bagus dan menarik sangat mudah di pahami cukup singkat dan ada beberapa error seperti gagal memuat, saya harap perbaiki lagi aplikasi nya supaya lebih membaik. buat kalian jangan lupa mampir ke toko - DiskonStore - dan saya sangat rekomendasi sama aplikasi ini, karena cukup singkat dan bagus banget"",5"
"2025-06-05 19:06:42,""aplikasinya belum matang sama sekali suka keluar 2 sendiri akunnya kukira karena hp nya saya coba di device lain tetap begitu saya coba ganti email ,lah udah ada kode otp udah sukses ,dicek lah email-nya masih yg lama ,ga ganti .... hadeuuhh mending di matengkan dulu aplikasinya"",5"
"2025-06-12 11:33:04,""baru coba, mudah2an aja ok. di toko sebelah bangkek smua. mau jualan vape aja susah bgt, gua dan beberapa temen juga pada ilang smua akunnya, padahal selama ini transaksi aman gk pernah issur, bintang 5 gkada komplain sama skali. Mudah2an di marketplace ini bener2 wadah buat kita"",4"
"2025-07-05 06:14:25,""Baru coba aplikasi nya dan ternyata aplikasi nya sangat ringan dan mudah di gunakan, apalagi cs nya sangat responsif dan sangat membantu banget. Ada fitur COD nya juga loh. Pokok nya ngga nyesel dwonload aplikasi nya 👍👍"",5"
"2025-06-02 09:58:44,""untuk sementara 4 dulu aplikasi sangat mudah seperti tokped dulu kedepan iklannya digencarkan agar banyak seller dan buyer tau ada aplikasi ini , karena saya yakin akan banyak sekali seller yg lari kesini gara gara tokped uda sekelas joget joget gak jelas .."",4"
"2025-08-08 02:46:05,""mantap nih aplikasi.. keren banget semua kebutuhan tersedia, bahkan property pun ada.. bener2 umkm friendly, siapapun bisa ikut gabung jualan dan jadi anggota komunitas. Udah gitu setiap pembelian gak ada tambahan biaya admin. jd sama2 byk untung nya ya.. top deh rekomended bgt 👍"",5"
"2025-05-27 01:14:57,""aplikasi oke pas awal daftar jualan di toco tapi belakangan pas buka aplikasi toco loading lama bener bukanya. tertulis gagal memuat produk, periksa koneksi internetmu tapi kalo saya buka aplikasi yg lain spt toped dan sopi bagus, ga ada kendala."",4"
2025-05-27 23:31:19,Berharap TOCO semakin besar. Simpel seperti tokoijo lama. Cocok untuk para pria yang gak suka ribet. Font yang dipilih cukup nyaman. Mungkin kendala yang harus diatasi kurang satset aja.,5
"2025-06-26 02:56:05,""ini apk lemoooootttt banget,,udah gitu dikit2 eror,,,terjadi kesalahan hmmmm, halaman tidak bisa dimuat aduuuh,,,,, saran saya buat developer Klo aplikasi blm siap sepenuhnya jangan di launching dlu,,,cek dlu di internal terus evaluasi apa nih kekurangannya karna kn target nya pasti buat pengguna/penjual yg banyak Klo kaya gini BKN malah sukses malah sebaliknya,,,,karna problemnya BKN sepele,,,segitu dlu selebihnya semoga problemnya bisa diatasi."",2"
"2025-06-20 12:06:53,""Aplikasi Toco gampang banget dipake, fitur-fitur kayak ngerti hati gua 😭💅 Coba deh endorse EXO buat promosiin aplikasi ini! Bayangin aja... Toco x EXO? Auto rame, auto viral, auto tembus langit EXO-L pasti langsung download semua!! 👑🔥 Tapi semoga fitur-fiturnya bisa terus ditingkatkan ya, biar makin lengkap dan praktis. Dannn yang paling penting, keamanan aplikasi tetap dijaga ya minco Jangan sampai data pengguna bocor."",5"
"2025-05-31 05:58:13,""saya sendiri merasakan pengalaman yang luarbiasa,sebagai seller tidak ada potongan sama sekali.saya terima bersih sesuai dengan produk yang saya jual . saya ada toko namanya TOKO HON CHIUNG .kebetulan saya dari pindahan dari aplikasi T**kok .saya saya sangat mendukung aplikasi ini untuk tetap tumbuh berkembang."",5"
"2025-06-11 01:26:58,""Aplikasi mudah dimengerti. User Interface sangat easy to use dan friendly. Semoga bisa jadi e-commerce papan atas selanjutnya. Jangan lupa Minco, BAKAR BAKAR DUIT NYA 🤣👍🏾"",5"
2025-07-11 05:46:43,Harapan saya semoga kedepannya Toco akan sukses seperti Tokopedia. Untuk platform Toco sendiri menurut saya sudah friendly user dan mirip dengan Tokopedia jaman dulu. Kekurangannya adalah kadang untuk upload produk masih error terutama di siang hari dikarenakan pada siang hari traffic melonjak. Mengenai masalah platform ini masih relatif sepi bagi saya wajar saja karena Toco masih pemain baru di pasar e-commerce Indonesia. Menyala Toco !,5
"2025-08-04 09:55:24,""baru pertama menggunakan sebagai seller dan pembeli, bagus sekali pelayanan customer cepat ditanggapi kendala seller bisa dibantu cepat dan buat seller baru sangat rekomendasi tidak ada admin fee yg memberatkan seperti toko lainnya."",5"
"2025-07-05 06:16:29,""aplikasi nya sangat membantu untuk berbelanja kebutuhan, mudah digunakan ga rumit sama sekali, bahkan ada banyak diskon dan hemat ongkir paxel. CS nya juga menyenangkan sangat responsif"",5"
"2025-06-26 06:32:17,""semoga apk ini makin berkembang, cuma saya sarankan coba lah toko bakar"""" duit dulu ,misal promosi di tivi atau medsos biar makin di kenal masarakat luas, dan satu lagi coba kerja sama dgn semua expedisi sebab saya liat ada beberapa expedisi bel ada dpt expedisi ninja ,dan lainnya trimakasih"",5"
"2025-07-28 10:37:27,""pertama kali pake toco, enak banget tampilannya di tablet, aplikasinya juga lancar. semoga gaada kendala kedepan dan makin banyak promo. sukses terus toco indonesia."",5"
"2025-08-08 02:36:14,""Aplikasi belanja yang simpel banget, gampang dipakainya. CS nya pun selalu bisa diandelin buat bantu customer yang butuh bantuan, juga fast respon. Ongkirnya beneran cucoook dan pemilihan kurirnya pun bagus² macem JNE atau kargo buat yang beli paket gedean. Seller²nya komplit dan banyak banget seller lokalan kayak UMKM gtu. So I'm proud for TOCO.."",5"
"2025-07-22 13:47:40,""Alhamdulillah uda pecah telur, mudah2an makin byk yg pake TOCO...dana langsung masuk diatas jam 6 malam,ga usa terlalu bnyk promo2 kpembeli yg nantinya malah bikin boncos aplikator, qt memberi harga yg kompetitif kepembeli insya Allah harga bs bersaing dgn aplikator sblh yg promo2 taunya nyedotin darah seller..satu lg saran, tolong untuk cetak label disediakan saat posisi tab """"siap dikirim"""" jangan qt request pick up baru ada cetak label, bila orderan ada 100 bs bonyok driver dtng barang blm siap"",5"
"2025-07-15 11:48:26,""Aku sudah pakai TOCO dari awal-awal rilis, dan sekarang kelihatan banget perkembangannya. Fiturnya makin lengkap, performanya makin stabil, dan komunitas seller-nya juga makin rame. Bangga bisa jadi bagian dari perjalanan TOCO!"",5"
"2025-05-25 11:17:18,""Percaya deh, next time bakalan rame aplikasi ini karena aplikasi lain sudah semakin ribet dan banyak potongan ini dan itu. Kalau Toco sudah ramai dan berkembang lebih pesat tolong jangan aneh-aneh ya, biar tetap terpercaya seterusnya."",5"
"2025-07-05 06:23:33,""Aplikasi nya mudah sekali di gunakan, kualitas barang yang di jualnya pun bagus, lebih di tingkatkan lagi fitur dalam aplikasi nya ya agar masyarakat lebih tau belanja online selain di Shopee, tiktok, lazada dll😍"",5"
"2025-05-29 09:59:48,""Tanpa biaya layanan pakai pun tak masalah asal dalam tahap wajar karena aplikasi memang memerlukan biaya keamanan dll besarnya aplikasi juga tergantung dari seller bukan hanya buyer, dulu si orange mohon2 buat pada pindah skg layanan tak berotak pengembalian asal acc ditukar sampah dll. bisnis adalah bisnis tapi kalau kelewatan gak lama juga tumbang apalagi hanya sekedar penyedia."",5"
"2025-07-21 03:22:21,""Website jualan ini hadir sebagai solusi lengkap untuk semua kebutuhan belanja dan jualan online kamu. Proses drop off dan pick up barang jadi lebih praktis, ditambah fitur pencarian yang memudahkan kamu menemukan barang apa pun dengan cepat."",5"
"2025-07-21 03:38:50,""Bestt banget ini apk, aku sbg seller bingung bgt perhari ini mau lari kemana karna banyaknya biaya admin. Eh Tp ternyata rejeki aku diapk ini, mantep bgt buat seller. Mana csnya itu selalu tanggap ngejelasin prosesnya secara jelass sampe tuntas dan nggak belibet enak"",5"
"2025-06-05 17:45:49,""Sudah upload produk ratusan, tapi di hp hanya muncul 4, kalau buka di pc baru muncul semua. Tolong diperbaiki. Jika sudah normal bintang saya ganti jadi 5"",1"
"2025-07-18 02:49:15,""Toco, yok bisa yok, jadi MP yang seller friendly dan buyer friendly, fiturnya semakin diperbanyak dan diperbaiki bugnya. promo2 yg lain ditingkatkan ya. suskes"",5"
"2025-05-26 04:12:58,""Ini kalau siang hari loading lama bgt. kalau tengah malam baru On. Servernya bs ditingkatkan, qta sudah bantu gerakkan banyak seller utk gabung. ayo sm² berkembang"",5"
"2025-06-22 11:54:06,""Aplikasikan mudah digunakan. Saya jualan online dari tahun 2010. Semoga aplikasi ini bisa berkembang, maju dan bersaing dengan aplikasi serupa lainnya, apalagi ini TANPA BIAYA ADMIN SEUMUR HIDUP buat penjual sangat menguntungkan. Saya juga jualan di aplikasi ini dan asyiknya lagi, harga barang yg saya jual di TOCO ini dijamin termurah dibandingkan toko saya di marketplace lain + ada free ongkirnya lagi. Jadi buruan bagi buyer dan seller untuk segera mencoba aplikasi ini... # PAPAYYU # DELFASH"",5"
"2025-07-08 07:48:03,""dah lama jualan di marketplace susah dapet orderan, Ehh di Toco Padalah apk baru, berapa hari daftar jadi seler udah dapet orderan ajah, Top sih Toco Kembangin lagi update apknya supaya bisa jadi Besar seperti yang lain, Rekomen sih buat yang mau nyoba jualan online tapi modal minim, (Toco membatu UMKM banget)"",5"
"2025-07-30 04:39:18,""aplikasinya bagus ringan mudah, CS nya ramah dan responsif, aplikasinya mudah digunakan, banyak diskonnya juga, dan pengirimannya lengkap axa JNE & J&T, good, terima kasih toco✨👍🏻"",5"
"2025-07-05 07:38:17,""Pengalaman menggunakan aplikasi ini luar biasa! Salut juga buat CS yang sangat responsif dan selalu sangat membantu dalam setiap masalah. Oh ya, diskon ongkir Paxel-nya itu nilai plus banget!"",5"
"2025-08-08 02:48:21,""aplikasi sangat bagus, banyak voucher diskonya mengunakan JNE. pengiriman cepat,dan yang paling bagusnya harga murah tapi kwalitas bagus.pokoknya saya senang belanja di aplikasi Taco ini.ga bakal nyesel."",5"
"2025-07-26 05:18:45,""Aplikasi toko ini sudah bagus, tapi tambahkan mode gelapnya dan bisa mengubah kembali minat untuk menemukan komunitas kalo berubah pikiran. Pokoknya mantap 😎👍🏼"",5"
"2025-07-21 03:19:38,""Toco sangat praktis! Drop off dan pick up mudah, cari barang cepat, CS-nya jelas dan tidak ribet. Kategori fashion serta hobi lengkap, ada kurir digital juga. Mudah dimengerti, semoga fitur Live-nya cepat hadir."",5"
2025-06-12 00:57:22,fiturnya simpel bnget tambah produk juga gak rumit .. belum ada biaya admin jika pun ada semoga per resi bukan /pcs dan semoga lebih berkembang ya klau sdah berkembang jangan sombong dan gak usah kerjasama ama marketplace lain dan kalau pun ada brang return tolong jangan lngsung memihak ke pembeli kmi sebagai seller juga mengeluarkan biaya packing dan tenaga minimal tnyaklah ke seller jangan lngsung dana cair ke pembeli dan brang nya gk kembali ke seller... trimakasih,5
2025-07-01 11:51:08,gua penasaran ini tim development apps nya bikin nih apps sama web stacknya apa? kek apa ga di testing dulu gitu kok bisa se lelet itu 😡😡😡😡😡 kek lu baru buka apps nak scroll aja lebih berat dari toko oren yang bisa dijadiin bahan benchmarking hp 😭 need update soon !!!!!,1
"2025-07-18 07:16:47,""hal paling menjengkelkan adalah ketika verifikasi harus pake KTP , sedangkan e comerse lain ga memerlukan KTP , tolong dihilangkan opsi verif KTP. kalau masih belum dihilangkan ga akan bisa bersaing dengan kompetitor yg easy untuk daftar, to much effort👎 dan banyak banget bug yg sangat mengganggu"",2"
"2025-06-05 23:53:28,""Aplikasi bagus, tertata, & ringan, harus ikuti perkembangan jaman toko ku. jangan lupa mampir di TOCO: Electseven Customworks. Bengkel bubut online. Bisa order 1piece. Terima kasih."",5"
"2025-06-13 05:21:05,""tampilannya bagus dan menarik 💗.. cuma mungkin masih belum banyak yang tau toco, kalo bisa adain iklan blackpink ya kak, biar semakin banyak yang tertarik, mumpung blackpink bentar lagi comeback 🤭😄🙏"",5"
"2025-07-19 06:28:11,""mau pesan aja lama banget loadingnya, pertama² sih cepet setelah sering di pakai bikin emosi.... promonya gak bisa di pakai, pilihan pembayaran BCA juga gak ada.. apknya super lemot"",2"
2025-07-07 06:06:06,Semoga biaya admin bisa bersaing dengan Marketplace Lainnya. Kalau bisa tanpa biaya admin seperti sebelum ada Shopee. Jadi penjual hanya beli tool untuk iklan agar produknya diatas.,5
2025-07-05 07:01:19,Toco Sangat Direkomendasikan Untuk: * Pelaku UMKM dan bisnis rintisan yang ingin memaksimalkan margin keuntungan. * Penjual perorangan atau hobbyist yang ingin mencoba peruntungan berjualan online. * Pengguna yang mencari kesederhanaan dan tidak memerlukan fitur-fitur e-commerce yang kompleks. * dan banyak lagi fitur yang lainnya dan aman banget ya guys.,5
"2025-07-15 07:56:43,""buat lu pada yang baru mulai jualan onlen, gw saranin make ni apk. seriusan lu gk bakal bingung deh soal cara make apk nya gimana, tampilannya jg sesimpel itu jadi gk bikin bingung dah tombol ini buat apa, itu buat apa. intinya ramah pemula kek gw deh."",5"
"2025-07-05 08:43:51,""Aplikasi ini bagus bgt hemat ongkir dan cs nya sangat membantu, aplikasinya jga ringan dan sangat mudah untuk di gunakan dan sngat praktis pokoknya mantep lah ini aplikasi toco"",5"
2025-05-29 00:10:36,Overall sudah bagus cuma dari UI/UX masih perlu pengembangan agar lebih enak di pandang dan lebih smooth lagi 👍👍 semoga bisa bersaing dengan kompetitor besar,5
"2025-07-03 12:11:32,""Pendatang baru semoga jadi besar ya, ada kendala di aplikasinya langsung hubungi CSnya fast respond semua langsung ditangani. sukses terus buat toco! semangat !"",5"
"2025-07-30 05:01:21,""mantap, aplikasi ini mendukung produk dalam negeri,harga produknya terjangkau serta hemat untuk ongkirnya, diskonnya juga mantap serta Cs nya jga baik, recomend deh nih aplikasi"",5"
"2025-08-08 04:36:48,""apk nya enteng, enak di pake nya bisa request telpon CS, kurir lengkap, navigasi akurat, ongkir nya murah banget, toco memenuhi kebutuhan hidup, UMKM santun, website mantul, CS sip lah pokoknya"",5"
2025-06-08 02:10:25,Min kenapa saya mau buat toko susah sekali ya. verifikasinya gagal terus padahal foto ktp dan selfie sudah sesuai saya buat. itu kenapa ya? saya kasih ⭐️3 dulu. kalau sudah berhasil nanti saya update lagi,3
"2025-06-04 06:20:26,""sudah bagus fitur untuk sellerny. ga ribet . saya pindah dari toko sebelah kesini dengan harapan toko saya bisa aktif jualan lagi. karna sebulan kemarin sepi banget. oiya,apk nya bisa didownload di desktop ga ya min?"",5"
"2025-07-27 07:26:39,""pertama install masih lelet,,tp sekarang much much better,search engine nya udh mlai sadar..kaga ngaco lagi..cma kategori produk nya masih banyak yg kurang ,,terutama di spareparts roda 2"",5"
2025-07-06 00:22:17,tingkatkan lagi dong... masa buka toko aj susah bgt nyari barang belanjaan susahnya minta ampun padahal bagus ni.. pembeli bisa langsung hub penjual via wa,2
"2025-06-30 23:10:31,""👎👎 tidak ada opsi cancel pembelian klo brang sdh di bayar./menunggu di pick up kurir ekspedisi. 👎👎admin toco, sudah coba kirim email,chat wa,sampe dm. apa yg kita keluhkan/pertanyakan tidak pernah di respon. 👎👎aplikasi masih bnyak bug. bintang 1 dari saya sudah sangat layak buat TOCO, perbaiki pelayanannya klo mau bersaing dngan shoope/tokopedia dll."",1"
"2025-07-12 04:56:20,""Sejauh ini pake Toco untuk transaksi jual maupun beli barang aman. sekarang ini kayanya udh diperbaiki untuk pencarian barang jadi lebih sesuai dgn apa yang dicari, tanpa admin, dan customer service manusia beneran. ayo toco tingkatkan lagi marketing supaya semakin banyak pengguna baik seller maupun buyer. semoga kedepannya semakin berkembang dan jika ada kebijakan baru terkait admin semoga biayanya manusiawi"",5"
"2025-08-08 04:06:22,""Toco memenuhi semua kebutuhan, aplikasinya ringan dan mudah di gunakan. ongkirnya juga murah, ditambah UMKM friendly 😍😍"",5"
"2025-06-07 06:33:58,""aku pengguna baru sbgai buyer ya, pesanan pertama pke kurir pos indo belum tau sampai nya lama atau cepet,,,tapi apk oke tapi sayang hampir ga ada tuh fitur cod jadi bayar pke saldo aja"",4"
"2025-05-31 05:01:47,""Aplikasinya mudah dijalankan spt Tokopedia jaman dulu. Beralih dari Tokopedia kesini karena dipaksa integrasi dgn Tiktok. Sudah jualan disini dan cukup oke. Fix pindah disini aja. Utk Toco, harap metode pembayaran ditambah BCA Virtual Account dan utk pengiriman ditambahkan TIKI ya...makasih"",5"
2025-06-03 05:40:06,min saran dari saya untuk pengiriman tambahin yang cargo min.. soalnya barang yang mau saya jual ukuran besar min.. sebelumnya terima kasih min udah nyiptain aplikasi toco ini..tambah sukses kedepannya ya min,5
2025-07-30 09:15:10,apk gk jelas. gak ada gratis ongkir( paling murah 20 K. itu juga cuma ANTERAJA sama JNT xpedisinya) gak ada COD pengiriman sama chat penjual juga lelet. gak bakalan bisa bersaing sama toko sebelah,1
"2025-07-01 07:46:06,""so far so good, tapi search engine masih kurang akurat. aku cari make up malah ada terselip bakpao karakter wkwk. entah knp loading lama pas mau milih ekspedisi pengiriman, pdhl jaringan kenceng² aja"",3"
2025-06-05 10:35:57,Sudah terverifikasi dan siap upload produk untuk jualan dan saya pastikan harga kami jual lebih murah ketimbang di sioren or item ijo. harus lancar aman nyaman untuk kita semuaaaa...,4
"2025-06-12 01:20:21,""Kemungkinan Masih banyak yang belum tau, tentang aplikasi TOCO ini. Jadi meski banyak seller yang mulai pindah kesini, pengunjungnya/pembeli masih blm begitu ramai."",5"
"2025-05-30 16:11:11,""ini gimana sih cari rating toko gda brp barang yg terjual gda koment"""" pembeli juga gda, seharusnya rating toko koment pembeli harus ditampilkan, pengen beli jadi g berani, mana jaringan sering lemot juga tampilan pencarian perlu perbaikan nanti rating menyusul kalau sistem sudah ada perbaikan"",2"
"2025-06-01 16:16:07,""Tolong verifikasi agar dipercepat. Baru mau migrasi ke Toco. setelah si ijo gugur dicaplok si item, dan seller dipaksa integrasi ke sistem yang belum siap.😭😭😭😭"",5"
2025-07-10 07:15:25,untuk metode pembayaran semoga bisa di update lagi biar bisa menjangkau semua kalangan seperti pembayaran melalui retail virtual akun atupun COD semoga kedepannya bisa lebih maju lagi dan dapat mudah di gunakan bagi orang awam terima kasih,4
"2025-07-06 04:14:22,""aplikasi keren, mempermudah untuk buka toko. hanya masih sedikit suka lemot saja. semoga cepat di perbaiki dan lebih baik lagi.👍"",5"
2025-06-02 19:33:30,Sebenernya udah oke sihh tapi terkadang server not responding😊 dan beda kayak e-commerce sebelahh kalo penjualnya yang nanggung gratis ongkir.,5
2025-06-17 01:24:33,untuk pendaftaran produk jumlah besar apakah tidak bisa diubah untuk sumber gambar? seperti link dari web yang menyediakan penyimpanan gambar umum? karena saat ini upload gambar + Excel 5mb? waduh mana cukup. itu metode web program HTML dasar seingat saya. bagusnya bagian gambar ambil dari link. jadi yang di upload excelnya saja. semoga lekas dikerjakan karena seller ijo mulai mutasi kesini.,4
"2025-06-19 01:40:07,""Minusnya cuman Agak lemot di aplikasi, bahkan sering keluar sendiri, belum stabil mohon di perbaiki, dan yg bikin kesel Produk yg kita masukin sering gk ada. ribet"",2"
"2025-06-10 13:00:46,""untuk tampilan bagus gampang di mengerti, kalau bisa tambahin fitur video pendek untuk Spil produk, 1 lgi min tolong di perbaiki lgi karena sering eror"",5"
"2025-07-30 04:07:38,""Saya sudah mencoba beberapa aplikasi jual beli barang bekas, dan sejauh ini aplikasi ini merupakan salah satu yang paling mudah digunakan dan terpercaya. Harga produk terjangkau, bagus tampilan aplikasinya"",5"
"2025-07-16 13:25:33,""saya pengguna toco baru sebagai pembeli saya melakukan beli barang dan saya sudah membayar barang tersebut tapi toko itu menipu saya karna barang yg saya beli belum di kirim juga sudah 3 hari dengan berbagai macam alesan ini itu ,, saya coba melaporkan ke admin toco tpi admin toco agak lambat merespon permasalahan pesanan saya dan saya di suruh nunggu sampai sore sama admin toco tapi sampai sekarang belum tindak lanjut lagi dari admin toco soal kendala pesanan saya dan toko si penipu itu"",2"
2025-05-19 02:26:34,Aplikasi yang menjadi harapan para seller tokped yang ga puas sama keadaan sekarang..ayo ramein..ada diskon 5% buat yang belanja..jangan ragu sama aplikasi ini..ini satu genk sama OLX loh,5
"2025-10-13 05:31:17,""aplikasinya simple mudah di pahami ,good"",5"
"2025-05-26 00:20:36,""Buka akses Jualan produk digital dong yang produknya non fisik, di kirim melalui email pembeli, kita sudah gak respect dengan e commerce warna orange bikin kecewa melulu di komunitas sudah pada kecewa juga"",5"
2025-07-17 18:13:03,semoga dapat rejeki juga dari toco... terus berkembang dan terus tingkatkan layanan toco. semoga semua sukses. upgrade minor-minor yang masih banyak bug.. terima kasih,5
"2025-06-30 07:45:00,""Baru Buat Akun Dan Sudah Di Upload Sementara Ini Belum Ada Proses Chek Out,Mungkin Masih Baru Dan Belum Banyak User Retail Yang Pakai Toco!! Tq.."",5"
"2025-09-28 03:18:37,""Toco adalah aplikasi yang memudahkan untuk pemula, banyak fitur yang bermanfaat dan pastinya sangat terpercaya."",5"
2025-08-23 11:50:37,suka error dan lemot sekali . cepat diperbaiki,2
"2025-09-08 07:03:21,""aplikasinya sangat mudah untuk digunakan, tidak membebani device"",5"
"2025-11-01 06:49:51,""bebas biaya admin seumur hidup, toco hadir sebagai platform terbaru dan menjanjikan.semoga toco makin jaya"",5"
"2025-09-03 14:28:30,""mantapp Sangat membantu ,dan tingkatkan kualitasnya Bosku"",5"
"2025-07-21 04:11:25,""salah satu fitur yang mudah dimengerti,selain itu kategori fashionya lengkap dan beragam dan cara cari barangnya mudah,,,pokoknya TOP MANTAP IS THE BEST"",5"
"2025-07-02 05:14:34,""Apk & web belum siap kerja, server masih amat sangat lelet lemot letoy letih lesu lemah syahwat. Sepertinya buruburu launch ngejar momen saat mrktplce lain patok biaya admin tinggi."",1"
"2025-07-05 06:51:04,""kirim barang hemat banget, sangat membantu kendala dan dar pertanyaan apapun CSnya gercep banget dan membantu sekali, terus mengembangkan aplikasinya"",5"
"2025-07-05 06:13:25,""mantepp banget aplikasi nyaa, barang nya murah murah, dan dapat memudah kan untuk belanja, lebih mending ini dari aplikasi sebelah, good job😄👍👍"",5"
"2025-08-01 02:15:30,""baru makai 3 hari, berasa banget butuh banyak pengembangan lagi, di hpe lag banget, di web laptop juga sama lag juga padahal jaringan oke, segera di fix ya kak"",2"
2025-06-17 18:54:55,ist the best banget mudah mudahan bisa percepat perkembangannya. lewat jalur dengerin apa masukan dari pengguna app kalau kalau bisa gak usah pakai jalur iklan di seller biar orang kreatif berkembang dengan sendirinya berkompetisi dalam bidang usaha..yang foto produknya sama. kasih pelanggaran sanksi klaim hak cipta biar tidak asal nyomot foto tetengga,5
2025-06-16 06:16:16,Dari segi tampilan cukup menarik dan kedepannya agar bisa seperti aplikasi sebelah karena saya ingin berpindah ke sini saya dari aplikasi tokopedia ...,5
"2025-06-04 02:47:14,""Tampilan sudah bagus, cuma Varian Color produk nya di tambahin dong, seperti E-commerce yg lain ada 20 varian Color."",5"
"2025-09-07 06:20:49,""pengiriman blum lengkap, dan gak ada ngatis ongkir"",3"
2025-09-18 09:58:28,bagus sih..tapi sayang gak bisa masukin video di produk kita.,5
"2025-07-05 06:14:08,""Aplikasi ringan dan mudah digunakan dan gampang di pahami tapi kurang nya tidak ada fitur COD, tambahin lagi dong fitur pembayaran nya"",5"
2025-05-21 14:27:39,download dari siank. ada kendala verifikasi uplod foto ktp . tulisannya gagal terjadi kesalahan saat menguplod gambar. sampai sekarang. sudah saya uplod 4 produk tapi masih belum bisa verifikasi. semoga besok bisa. saran aja sih harus diiklanin nih aplikasi toco biar banyak yg tau atau pakai jasa konten kreatir youtube. karena di youtube belum ada yg bahas marketplace ini,5
"2025-07-17 14:52:02,""SARAN TOCO Agar bekerja Sama dengan BIGSELLER Untuk Memudahkan SELLER dalam Copy Paste PRODUK Sekarang Agak REPOT Untuk Aploud barang secara MASAL, Walau bisa pakai exel , tapi tetap masih terlalu lama dan repot. Karena barang kita RATUSAN PRODUK. Jadi MALAS Mau jual Disini.... Tolong USULAN Kami di TERAPKAN Untuk Kemajuan TOCO TERIMAKASIH,... SUKSES SELALU"",5"
2025-06-24 04:20:17,tolong perbaiki lagi untuk upload produk gagal menyimpan terus dicoba beberapa kali tetap gagal menyimpan sinyal bagus,2
"2025-07-05 06:27:35,""Toco memenuhi kebutuhan belanja online aku. Gak perlu pindah-pindah aplikasi lagi, semuanya lengkap. Barang secondnya juga masih oke banget dan terpercaya"",5"
2025-09-18 02:49:57,aplikasi tidak rumit dan mudah dimengerti,5
"2025-06-07 11:49:30,""Pindah ke sini karena Tokopedia sekarang ribet.. sementara sih oke, app rapih, ringan, UI nya mirip2 tokped sebenarnya.. semoga segera rame biar bisa mulai jualan di sini.."",5"
2025-06-23 05:04:51,sering banget bug seperti log out sendiri dan selalu loading yang lama jadi agak menyusahkan saat mengkonfirmasi pesenan pembeli,4
"2025-05-25 16:00:46,""ka untuk variasi semoga lebih banyak lagi yah ka, soalnya agak bingung juga masukinnya klau cuman 2 sedangkan barang yg akan saya masukan -+ 50 variasi🥹"",5"
2025-07-05 06:20:17,Aplikasinya user-friendly. fitur nya juga lengkap. ada fitur cod juga. cs nya ramah responsif satset. semangat berkembang lebih baik tocoo !!,5
"2025-10-13 06:20:06,""Aplikasi nya keren , fitur nya terupdate , sukaa bangett dehhh"",5"
"2025-09-28 03:09:00,""aplikasinya memberi pengalaman yang positif buat pemula kaya aku yang mau berjualan, membantu banget karena mudah digunakan"",5"
"2025-06-23 08:15:42,""lemot parah, jaringan lancar tapi pas buka ni app tulisannya eror mulu karena jaringan lawak... ragu deh kykny bisa bersaing sm toko oren ijo or item wkwk"",1"
2025-07-05 07:13:32,so far tim CSnya fast response dan komunitasnya seru. feedbacknya langsung ditanggapi dan dikerjakan. semoga kedepannya bisa berkembang lagi toco,5
"2025-05-28 17:23:55,""Min aplikasi nya udah sangat bagus, pertahankan kepercayaan konsumen dan jika ada program affiliate,kabar kabari ya, aku pengen jdi orang pertama🥰"",5"
2025-06-30 02:23:01,Applikasi ngelag di smartphone ram 3gb. Semoga kedepannya bisa lebih lancar lagi ini Applikasi nya. Sukses selalu buat toco.. 🙏,5
2025-08-28 04:22:09,lelet sekali buat buka chat aja setengah jam lebih masih loading,1
"2025-06-27 05:27:30,""ini gimana ceritanya, pencarian barang bekas udah masukin keyword. tapi yang keluar gak sesuai. malah banyak banget barang² yg gk sesuai keyword keluar."",1"
"2025-06-18 02:29:06,""Masih ada kekurangan di searching, kebanyakan produk yang muncul tidak sesuai dengan kata kunci. Semoga menjadi marketplace paling bagus di indonesia."",4"
2025-08-12 01:45:22,aplikasi sudah cukup bagus dari segi ui & ux. dan tolong jangan terlalu bakar bakar uang ya kak biar aplikasi dan ekosistemnya bisa hidup lama 🙏,5
"2025-08-14 10:39:28,""lemot puaaarah, masih banyak error, buka marketplace sbelah yg lebih berat aja lancar.. ini tergolong marketplace masih masih baru tapi udah lemot parah"",1"
"2025-07-16 07:31:16,""tampilan aplikasi seller udh bagus, gampang dioperasikan tapi performanya lemot, sering logout sendiri dan gagal login lagi"",1"
"2025-05-30 14:26:17,""aktifin cod ga bisa mulu , notifnya terjadi kesalahan. proses upload masih loading lumayan lama . tolong d perbaiki lagi"",3"
"2025-07-06 06:20:02,""sebenernya bagus cuma tolong dong jangan ada batasan penulisan alamat saya mau nulis jadi kepotong potong, tapi bagus kok di aku ga ada ngelag sama sekali🤩🤩."",5"
2025-07-30 04:11:18,cs nya sangat membantu sampai tuntas. ada discount ongkir paxel juga. best banget aplikasi yang dukung produk lokal. harganya terjangkau banget.,5
"2025-05-22 07:26:37,""aplikasi dan website toco masih prematur, khususnya halaman seller untuk akses daftar produk yang udah disalin dari mp sebelah error terus, semoga cepat diperbaiki."",2"
"2025-05-29 08:11:41,""udah pake internet 4g & 5g terus coba pake wifi tetep aja lama loadingnya kirain jaringan hp gw taunya emang aplikasi, tolong lah di perbaiki"",5"
"2025-09-28 03:03:50,""Aplikasi Toco benar-benar membantu saya dalam jual beli online. Proses pendaftaran mudah, tampilan aplikasinya sederhana dan ringan, jadi nyaman digunakan. Yang paling saya suka, tidak ada potongan biaya admin sama sekali, sehingga harga tetap lebih hemat baik untuk penjual maupun pembeli. Pilihan pembayaran dan pengiriman juga lengkap, bahkan ada opsi COD di beberapa area, jadi makin fleksibel. Sejauh ini transaksi saya aman, barang cepat sampai, dan komunikasi dengan penjual pun lancar."",5"
2025-06-01 10:53:29,ga bisa verifikasi no HP. selalu loading dan ga dapat kode Verifikasi. di ulang2 terus ga muncul2. masukin produk tapi produk tidak muncul&status non aktif,3
"2025-08-22 03:33:09,""aplikasi yang cocok untuk pemula berjualan online, betlrtanya ke cs pun dijawab dengan baik, tidak seperti Balasan BoT"",5"
"2025-06-12 04:01:09,""masih banyak bug, lelet dan error terus. kalau dari awal effort nya seperti ini bakal cepat tutup ini. bakar duit sekalian jgn tanggung"""""",3"
"2025-07-21 03:24:17,""Website jualannya lengkap, barangnya mudah untuk di cari, aplikasinya mudah dimengerti, rekomendasi banget"",5"
2025-06-25 11:24:05,tolong sistem pencarian nya dibenahi....setelah di-update kok tambah ngaco. Nyari baju tidur yg keluar mobil dll yg ngga berhubungan sama sekali,5
2025-11-07 11:19:48,terimakasih ka minco yg gerak cepet sdh sering bantu saya semoga toco tambah lebih baik lagi,5
"2025-05-24 00:22:25,""saya kasih bintang 5 aja berharap aplikasi ini jadi next Tokopedia, karena tampilan halaman utama nya mengingatkan saya akan Tokopedia jaman awal dulu, yuk bisa yuk"",5"
2025-08-03 03:29:54,mudah2an semua sudah ok. tinggal pengiriman kargo & instan car yang belum dan tentu saja CS yang sudah terintegrasi di apps 24/7,4
"2025-09-21 11:39:39,""sayang ONGKIR nya mahal sekali, JD jualanku blm ada yg beli di marketplace lain ada gratis ongkir malah"",3"
"2025-10-13 05:28:17,""Kalau Anda cari platform yang fokus pada kemudahan pengguna, ini jawabannya. Tampilannya simpel, cocok untuk pemula. Proses logistiknya fleksibel, bisa drop off maupun pick up. Fiturnya selalu di-update, bahkan sudah terintegrasi dengan Bigseller untuk efisiensi. Ada solusi unik seperti kurir toko untuk produk digital. Poin terbaiknya? Tim support-nya luar biasa, dari bantuan migrasi data sampai layanan CS yang responsif (bukan bot!). Sangat direkomendasikan."",5"
"2025-08-10 14:07:35,""tampilan simpel dan mudah untuk dipakai pengguna baru. tapi sangat disayangkan tidak kerja sama dengan pengiriman Instan,Sameday & Tiki"",4"
"2025-08-26 12:11:27,""sudah buka toko di toco sayangnya belum pecah telur, semoga makin rame aja deh buat toco. untuk aplikasi di hp udah lancar, tapi seller centre yang web masih sering nge bug min, terutama waktu menambahkan produk kadang sering nggak bisa di simpan, dan gambar yg diupload hilang."",5"
"2025-06-26 16:34:15,""ayo2 semangat!!!!!! semoga bisa big marketplace yg bisa saling untung seller dan buyer, bakar uang boleh tp nanti cari pulihannya ya dipikir matang2, bertahap gitu jgn langsung byk minta admin,, lama2 juga ketutup kalau konsisten, intinya saling untung bisa saling jalan,,,semoga bisa dimengerti 😂🤣"",5"
2025-09-27 01:10:42,update stoknya eror mulu udah di update malah masih keterangan habis di etalase,3
"2025-07-22 07:37:56,""GOKILLL BANGETTTT🥳🥳🥳 pembayaran ada QRIS nya, bener² ga ada biaya admin mantap² sukses selaluu toco mudah²an cepat meroket, (oh iya ongkirnya di murahin dong min) wkwk😭"",5"
"2025-07-07 18:47:48,""Aplikasi nya sih cukup oke tapi produk belum banyak jenis nya, saya sudah coba belanja lumayan dapet gratis ongkir jika seller dekar dengan lokasi"",5"
"2025-06-30 09:21:13,""untuk verifikasi rekening Bank sangat sudah beberapa kali gagal saat selfie, mohon untuk lebih ditingkatkan kembali progres verifikasi nya agar seller yg lain lebih mudah dalam verifikasi nya terimakasih"",3"
2025-07-24 07:58:19,Super gercep dan pelayanan ny top. baru chat pertayaan di instagram tim ny lgsng wa. d bantuin ampe selesai. semogga bisa terus pelayanan seperti itu dan ecomer ini bs naik. supaya tdk d monopoli si orange hijau atau hitam,5
2025-07-06 14:24:31,perbaiki tampilan dan system search barang... saya sebagai penjual akan bantu jual harga lebih murah dari market s dan T dan kasih free ongkir untuk harga tertentu...,4
2025-07-02 03:03:49,susah sekali buka di hp..Produk uda.dimskukn semua lewat leptop cek di hp g bisa2 masa alasan jaringan..pake wifi Starlink ni..tolong perbaiki,3
"2025-06-18 14:53:08,""toco harusnya ngambil momentum skr pas tokoijo lagi sedang jelek2nya, supaya seller dari platfrom sebelah sengganya melirik toco. cuma sekedar masukan soalnya katalog gundam di toco sedikit bgt."",5"
"2025-11-03 13:10:58,""pengiriman sering kali tidak terupdate, padahal paket sudah diterima buyer tapi di lacak dari toco masih dalam pengiriman"",1"
"2025-08-08 02:59:56,""waahh keren banget aplikasi nya, terus juga bisa di gunakan dengan mudah, cs nya pun fastrespon, profesional bangett sii harus wajib 5⭐"",5"
"2025-07-05 07:06:45,""Aplikasi ini ssangat mudah...setidaknya punya 3 keunggulan: Diskon Ongkir Paxel, hemat ongkir PosAja serta Navigasi jelas dan praktis!"",5"
"2025-07-30 04:11:24,""Senang banget belanja di sini. Harga nya terjangkauuu🥰 pengiriman mendukung kargo, JNT dan JNE. Bahasa CS mudah di pahami🥰"",5"
"2025-07-15 12:21:16,""apknya baguss dan berguna banget untuk jual beli, fiturnya udah update, ui ux nya jugaa bagus dan memudahkan."",5"
"2025-05-25 14:35:10,""desainnya simple sih, bagus ga bikin bingung lihatnya tapi di bagian filter nya ga ada opsi kaya official store gitu ya biar ngehindari barang kw?"",4"
2025-07-16 12:10:41,Aplikasi Toco memudahkan saya dalam belanja kebutuhan harian maupun jualan barang. Fitur-fiturnya lengkap dan respons adminnya cepat.,5
"2025-07-21 07:46:43,""Login susah, setting alamat susah kayanya belum siap launching nih aplikasi. Perbaiki dulu nanti rating menyesuaikan"",2"
"2025-05-22 01:24:21,""Jangan sampai jika nanti klo udah maju,jadi semena mena sama seller,ga ada seller ga ada pembeli,belajar dari kegagalan marketplace lain,berlaku adil lah keseller,jgn juga klo udah maju ini aplikasi main dijual aja kepihak asing,niat awal bantu umkm malah buat keuntungan pribadi,dan merugikan seller,ga usah maksa bakar duit,jika ada kesulitan,terbuka dan diskusi lah dengan seller,jangan pilih kasih,walau dia seller kecil,suaranya patut didengar.perbanyak orang dicall center,jangan bot"",5"
"2025-06-23 01:18:39,""Knp d HpQ sllu gagal memuat?? selalu coba lagi, koneksi internet tdk ada. Apa msh bnyak bug?? Sdh terselesaikan 🙏"",4"
"2025-07-05 06:14:18,""aplikasinya ringan dan mudah digunakan, tampilannya simple ga bikin bingung pengguna baru platfrom ini keren deh❤️"",5"
"2025-07-12 08:59:51,""lemot semua mulai dari system, update pesana, admin ny jg lemot bener, mau retur / refund aja lama bener karna system masih amburadul"",1"
2025-07-25 09:35:52,aplikasi nya bagus buat jualan barang bekas ataupun baru mudah di gunakan .sukses terus buat app toco pertahankan terus aplikasinya,5
"2025-06-16 18:16:51,""Aplikasi nya bagus mudah dimengerti. Saran saya, developer nya tolong promosi ke YouTube, Facebook atau sosmed lainnya biar orang2 pada Tahu. Ini aja saya download dari orang yang nanya di grup Facebook. Dia nanya di grup """"Bang jualan di Toco worth it gak?"""" Pasahal saya sebelumnya ga kenal aplikasi Toco. Mungkin itu aja saran saya."",5"
"2025-06-25 03:20:51,""toko online kok byk Bug nya!! tolong diperbaiki, enak edit produk trs brhnti tdk bisa di apa2in, trs blank lama"",5"
"2025-07-21 03:38:40,""aplikasi yang sangat memudahkan konsumen karna semua barangnya tersedia lengkap dan ada fitur cod nya, semoga semakin berkembang kedepannya"",5"
"2025-06-07 13:13:42,""Berproses, perlahan tapi pasti. Tetap semangat dan terus berinovasi, terus berkembang, bertumbuh setiap harinya. Hal baik tidak datang secara instant. BISMILLAH, Semoga yg install apk ini tembus 100juta lebih. AAMIIN"",5"
"2025-05-27 08:45:08,""b3, dulu ya min,jgn baper tp justru aku kasih b3 biar masukan ku didengar..moga2 didenger.. yg skrng MP terbesar ada sihitam dan si Oren..dan andalan mereka ada fitur live..semua produk ada di live/video.. nah klo mau bekembang coba di utamakan fitur live ya min,smoga toco makin maju kedepannya"",3"
2025-10-31 05:46:13,aplikasinya sering lag padahal jaringan saya udah bagus,1
"2025-07-05 23:04:35,""udah bagus ketimbang aplikasi oren yg BERATTTTTT BANGET, Toco aplikasinya sangat ringan hanya saja entah kenapa butuh data banyak untuk memuat banner di home yg bikin internet lari ke hal"""" yg ga mau dibuka & fokus yg sedang dibuka malah tidak segera dimuat, lalu berakhir dengan """"kesalahan jaringan"""" TERIMAKASIH BANYAK TOCO🎉 SUKSES SELALU"",5"
2025-05-29 04:45:27,kalau siang aplikasi nya buat uploud foto jualan susah banget min...semoga bsa segera lancar siang malam..agar bisa jualan di aplikasi ini..,5
"2025-06-11 09:33:24,""Suka Sekali dengan Tampilan nya. apalagi Bagi Penjual Rekening bank bisa pake Ewallet semacam Ovo, shoopepay dan GO-PAY."",5"
"2025-06-24 05:28:04,""ingin memulai bisnis di toko ini. tapi seringkali gagal koneksi, padahal internet normal. mohon pihak toco bantu aplikasinya di perbaiki"",3"
2025-07-15 16:39:07,untuk tampilan aplikasi nya itu simple dan fiturnya lengkap juga CS nya ramah dan sabar,5
"2025-07-17 15:57:25,""izin saya seller Toco, barang sudah diterima BUYER, tapi di status masih dalam perjalanan sehingga BUYER tidak bisa menyelesaikam transaksi ini merugikan saya sebagai seller, dana tidak bisa saya terima sudah hubungi admin/call center belum ada respon"",3"
"2025-07-05 06:18:01,""top, aplikasi nya ringan dan mudah utk digunakan, cs nya juga fast respon, rekomended 👍"",5"
"2025-07-21 04:48:46,""mantap banget, mudah digunakan aplikasinya. CS nya juga ga ribet, jadi mudah banget dihubungi."",5"
"2025-07-05 06:15:40,""Aplikasinya bagus, saya pertama kali coba dan lumayan cocok. Semoga kedepannya bisa bersaing dengan Marketplace lainnya👍🏻👍🏻"",5"
"2025-10-28 03:25:43,""saya kasih 3 bintang dulu, saya harap toco bisa cod bayar ditempat dan bisa mendapatkan subsidi ongkir"",3"
"2025-07-05 06:10:02,""aplikasi nya mudah digunakan, untuk cs nya juga ramah. mudah2an terus berkembang. sukses selalu"",5"
"2025-07-09 11:52:23,""Tokped sudah diambil alih asing, baru instal ini karena cinta produk indonesia ❤️ smoga semakin baik dan berkembang dan satu jaga terus"",5"
"2025-07-21 04:32:48,""aplikasi baru tpi sudah banyak membantu bagi seller, dan seller tidak dipungut biaya admin terus berkembang untuk TOCO💪"",5"
"2025-07-30 04:33:18,""untuk aplikasi baru baguslah, bisa mencari dengan cepat, harus lebih ditingkatkan lagi biar bisa bersaing"",5"
"2025-07-05 06:11:33,""Aplikasi ringan dan mudah digunakan! Gak bikin HP berat, tapi fungsinya maksimal! 💯✨"",5"
2025-05-22 01:08:25,app bagus cuma bug dan sering muncul pemberitahuan terjadi kesalahan itu sangat mengganggu dan perlu diperbaiki,4
"2025-06-10 12:52:27,""lumayan bagus. tambahin lagi fitur pencarian melalui gambar, kadang kita itu tahu barangnya tp susah nyebut namanya"",5"
2025-07-09 23:42:58,bagus mudah untuk belanja di sini jualan pun mudah fitur mirip banget dengan Tokopedia jadi gampang,5
2025-07-30 04:45:18,Alhamdulillah semakin mudah dalam mencari barang* baru maupun bekas .. tokonya juga banyak jadi makin komplit barang*nya Terimakasih Taco 😊😊,5
2025-05-29 06:44:56,jika kalian tidak segera perbarui sistem kalian yang lemot ini. saya yakin dalam waktu dekat akan di tinggalkam lagi applikasi kalian .,1
"2025-07-15 11:09:39,""cari alamatnya tidak akurat dan nama daerah salah, cari pakai lokasi otomatis tidak bisa. perbaiki big ini."",3"
"2025-05-26 12:18:37,""gencarin promonya dong min..biar orang2 makin banyak yg tau aplikasi ini. saya tau aplikasi ini dr teman sesama seller,jd pembeli mungkin blm banyak yg tau aplikasi ini. iklanin di tv gaet fuji an,min 🤣"",5"
"2025-06-24 06:03:52,""untuk rekening bank seller harap ditambah, soalnya saya pakai bsi dan tidak tersedia didaftar."",4"
"2025-06-04 07:13:39,""Wah enak banget nih belanja Online di Toco, Gratis ongkir, semoga makin berkembang Aplikasi nya Toco, sekalian biar ga boring, dibuat kaya tiktok, bisa scroll video"",5"
2025-08-08 05:05:40,aplikasi ringan dan mudah di gunakan. tampilan website professional. pilihan kurir yang lengkap dan ongkir murah,5
"2025-06-25 18:48:52,""Tampilan simple, fitur sederhana dan ga bikin mumet. Harga buat konsumen bisa lebih murah. Tinggal promosi platform ini digencarkan ke masyarakat."",5"
"2025-06-04 10:56:00,""memulai lagi dari awal di Toco ini, padahal toko sudah besar di toped dari 2016, sekarang hancur lebur sejak gabung toktok waw, semoga semakin lancar dan semakin baik apk nya dan semakin ramai transaksi nya"",5"
"2025-05-26 03:00:51,""kayanya harus banyak perbaikan, sering banget nge bug, mau belanja kesalahan sistem teruss"",3"
"2025-07-05 10:14:50,""Senang banget nemu aplikasi toco ini, sangat UMKM friendly, barang-barang yang dijual juga sesuai dengan harga dan kualitas nya"",5"
"2025-07-22 03:19:17,""aplikasi sangat simple mudah di gunakan, upload produk juga gampang, baru coba buka toko disini, semoga bisa langsung pecah telor"",5"
"2025-07-19 04:40:12,""gampang di akses, promo nya juga menarik, sangat mudah di pahami juga UI nya, kereen"",5"
2025-07-29 00:21:31,aplikasi tergolong ringan tampilan simple harapannya bisa ramai kedepannya ayoo ramaikan!,5
"2025-06-03 01:05:45,""aplikasinya sudah bagus tapi masih lemot dan sering keluar sendiri, semoga bisa diperbaiki"",4"
"2025-06-19 11:02:14,""baru cb,sementara binrang 4 krn msh ada bug saat upload tidak tampil dilapak, hanya didaftar produk"",4"
2025-07-21 03:25:08,belanja disini lebih lengkap barangnya. ga ekspek bakal cepet sampe. cs nya juga fast respon. kerenn poll,5
"2025-06-21 12:10:51,""Gak bisa aplod barang, seperti dibatasi, ada kuotanya, postingan hilang terus, aneh..."",2"
"2025-07-15 04:41:55,""setelah pakai TOCO beberapa waktu, saya merasa puas karena pilihan kurirnya lengkap dan pengirimannya cepat"",5"
"2025-07-16 13:59:44,""Hari ini saya coba jualan Di Toco,Untuk Aplikasi nya sudah bagus ,semoga kedepannya bisa lebih bagus lagi. kalau boleh kasih saran tolong tambahkan ekpedisi J&T Cargo ."",5"
2025-10-21 07:46:22,aplikasi yang bagus... sangat bermanfaat... sangan membantu,5
2025-10-19 13:05:17,walaupun sbg penjual barang jualan belum ada yg laku tapi kedepan ini apk mudah bgd digunakan.,5
"2025-11-04 03:35:47,""aplikasi busuk , sampah.. jgn melakukan transaksi di aplikasi ini. pengembalian dana refund lama banget dan tidak ada kepastian."",1"
"2025-08-26 06:54:01,""Semoga berkembang dengan pesat,agar bisa bersaing dengan marketplace lain yg sudah bernama besar,Terima Kasih TOCO☺️"",5"
"2025-05-30 07:19:57,""bismillah,, mau nyobain dulu min, kalau rame kita fokus, kalau malah sepi, gimana nanti, soalnya si ijo, biru, Oren, dan hitam sudah gak ngotak fee nya, hampir menyentuh 20% mati aku. 😭"",4"
"2025-07-21 03:23:23,""aplikasi toco memiliki potensi besar untuk menjadi marketplace terkemuka di indonesia dengan fitur fitur yang inovatif dan bebas biaya admin, saya suka dengan tampilan aplikasi toco yang sederhana dan mudah di gunakan. proses pendaftaran dan verifikasi juga sangat cepat"",5"
"2025-10-13 06:21:16,""gw suka banget sama tampilan aplikasinya yang simple dan mudah dipahami. Tidak ribet sama sekali, semua menu jelas dan responsif. Cocok banget buat pengguna baru yang nggak mau pusing. Selain itu, respon dari CS juga cepat dan ramah — bukan kyk bot, jadi terasa lebih personal. Pengiriman produk digitalnya juga super cepat lewat kurir toko. Pokoknya pengalaman belanja di sini mantap, recommended banget Toco ini 🤩"",5"
"2025-10-31 05:41:18,""akun saya sering logout sendiri,mana saldo masih stak di aplikasinya"",1"
"2025-09-18 02:46:29,""top bangettt!!! aplikasi mudahh, csnya sangatt membantu banget"",5"
2025-11-05 17:02:18,sekedar saran buat toco. 1.sering sering adain voucher free ongkir untuk semua ekspedisi pengiriman. jangan cuma paxel doang. 2.adain paylater ya minimal kerjasama sama kredivo atau finance lainnya biar gue bayarnya bisa paylater. dan fitur cod 3. ketika kita beli barang kalau sampai 1x24 jam seller gak konfirmasi pesanan langsung aja pesanan batal otomatis. 4. kalau sudah dikonfirmasi dalam waktu 2x24 jam seller harus segera kirim barang. dan lansung batal otomatis jika lewat dari waktu tsb.,4
"2025-08-08 02:34:39,""suka sekali pakai Toco karena mudah dan juga yang paling penting hemat,pilihan kurir lengkap ca telaten pokoknya bestt deh toco"",5"
"2025-10-27 10:38:07,""bagus, suka banget sama fitur bebas pengembalian, berguna banget kalo dapet seller yang ga amanah, kasi paket tidak sesuai dengan deskripsi yang di berikan. Untung ada fitur bebas pengembalian.. semoga kedepannya makin baguss dan tidak ada kecurangan"",5"
"2025-10-24 09:45:01,""Aplikasi nya keren bangett , ini bagus sii buat pemula yang pengen memulai jualan , fitur nya benr2 ter update , udh support dan pick up juga ada kurir nya juga untuk toko Digita nyaa , benr2 best banget ini aplikasi nyaa, tampilan nyaa jugaa simpel bangett di tambah cs nyaa juga bukan boot , jadi kalo ada kendala atau mau tanya2 langsung di bantu dan di jelaskan secara detain jadi ke kita nya langsung ngertii , tim nyaa jugaa bantuin waktu sayaa mau pindah data toko, best banget sihh iniii"",5"
2025-05-29 03:41:09,Please di benahin lagi...loading nya lama banget..upload 1 produk utk 1 etalase aja suka down..padahal koneksi aman,5
2025-10-16 11:24:44,cocok banget aplikasi nya buat yang baru mulai berjualan melalui online,5
"2025-06-08 02:33:34,""bagus aplikasinya, semoga kedepannya lebih rame dan banyak fitur. saya belum beli apa-apa karena pilihannya masih sedikit"",5"
"2025-08-19 14:48:59,""tolong untuk produk digital bikin pengiriman instan/pengiriman bebes ongkir, sehinggal pelanggan/pedagang gak perlu merubah alamat agar jangkaun toko dpt ongkir gratis"",5"
2025-07-05 06:14:20,aplikasinya sangat mudah dilengkapi dengan hemat ongkir dan sistem cod .. pokoknya harus dicobaa,5
2025-10-22 15:05:36,aplikasi ini bagus untuk belanja dan di aplikasi ini serng mendapat kan diskon,5
"2025-07-05 08:42:15,""Gak nyangka sih, aplikasinya seenteng ini dipake. Semua menu gampang dicari dan CS-nya cepet banget ngerespon. Udah beberapa kali kirim pakai Paxel dan PosAja, ongkirnya jadi jauh lebih hemat. Toco ngebantu banget buat yang punya usaha kecil kayak aku. Kalau bisa COD nanti pasti makin top. Web-nya juga enak diliat, gak keliatan asal-asalan. Suka!"",5"
2025-09-24 17:37:16,Tolong tambahi fitur mode gelap biar nyaman. saya sudah daftar & saya dukung marketplace baru ini 💪,5
2025-09-02 08:06:23,saya hapus aplikasinya barang kurang lengkap sangat susah cari produk yang saya butuhkan di sini,1
2025-07-02 05:21:20,sangat tidak rekomended untuk belanja disini. pengiriman lama. untuk jd seller juga penarikan dananya lama,1
"2025-08-13 14:35:04,""Tolong tingkatkan lagi fitur toco nya, biar ada variasi produknya🙏"",4"
"2025-08-23 15:58:18,""kalau untuk penjual oke ni aplikasi ya, karna tanpa biaya admin, banyak penjual yang dari marketplace lain pindah kesini,, tapiiiiiiiiii iiii iiiii iiiii,,, kalau kurang vhocer gratis ongkir ya, pembeli mungkin banyak keberatan, percuma kalau banyak penjual tapi pembeli ya hanya intip jualan saja. saran saya pikirkan biar pembeli mau pakai apk toco dengan kasih vhocer gratis ongkir juga..."",5"
"2025-08-08 02:27:42,""Simple enak banget tampilannya dan gampang digunakan, user friendly buat belanja"",5"
"2025-09-18 02:41:44,""Buat aplikasinya ringan dan mudah digunakan, Csnya juga sangat membantu dan responsif, Bisa dapetin diskon ongkir paxel sama hemat ongkir PosAja, navigasinya juga jelas dan praktis, bisa nambahin fitu COD juga, aplikasi ini juga sangat memenuhi kebutuhan dan UMKM friendly, websitenya juga udah profesional🤩"",5"
"2025-10-04 07:45:16,""meski ada kendala, tp dpt terselesaikan dg baik, terimakasih MinCo! 🤭🤭"",5"
"2025-05-30 23:41:04,""Tolong tambahkan service pengiriman JNE CARGO(JTR) , yang bisa berkoli2, klo SiCepat Cargo ga bisa, biar jual barang berat mudah ya TOCO indonesia"",4"
"2025-07-16 11:02:27,""Pake toco enak banget, gak ribet sama sekali. Ongkir murah, bisa bikin affiliate sendiri, plus dapet website pribadi. Buat yang baru mau mulai jualan, ini sih tinggal jalanin aja👍🏻"",5"
2025-09-14 03:45:51,kenapa pembayaran lewat shopepay dihilangkan boz n metode pembayaran sering eror boz gk bisa di cecklist,4
"2025-07-03 06:21:24,""Penanganan cepat, semoga tidak ada kendala di sistemnya lagi. Thanks"",5"
2025-10-14 07:20:56,keren banget ini ga kalah saing sama yang Toko online lainya,5
"2025-06-02 07:25:21,""mohon maaf untuk sementara waktu tiga dlu ya. ekspedisi masih terbatas tidak ada iDexpress, wahana & tiki. vocher gratis ongkir tidak mencakup ekspedisi lain., tidak ada promo untuk pelanggan baru, & fee kalau bisa untuk pembeli 1k biar bisa saingan dengan e-commerce besar ya. next update tlg diadakan ya dan beritahu jika sudah ada melalui whatsapp saya hehe"",3"
"2025-08-22 03:49:37,""Sangat membantu buat pemula2 jualan online kaya aku, worth it buat dicoba"",5"
"2025-11-06 10:37:44,""aplikasinya diperbarui lagi ya kak, itu jaringan saya padahal bagus tpi ditoconya sendiri buff ring trus dan kalau bisa ada voucher gratis ongkir seperti dishopee dan juga, pesanan saya sudah sampai pada penerima, akan tetapi di aplikasinya masih terdaftar lacak pesanan, saya mohon bantuannya coba diperiksa kembali 🙏"",4"
"2025-06-08 01:37:22,""sementara kasih bintang 5 dulu biar terus berkembang. tapi kalau sewaktu-waktu sudah berkembang dan maju tapi nyekik seller, saya rubah lagi bintangnya. 😁"",5"
2025-02-15 00:18:25,Wah mantap sekali aplikasi ini.. Sangat mudah diakses dan sangat ringan penggunaannya.. Cs nya baik sekali.. Cepat responnya dan sopan Untuk pelayanan jual beli sangat mantul.. Dan recommedasi karena tidak ada potongan biaya penanganan ... Waow... Sip.. Untuk menu aplikasinya sangat komplit....,5
"2025-07-30 04:34:47,""harga produk yang terjangkau dan banyak penawaran yg menarik juga!! apalagi ada fitur ruang komunitas untuk sharing"""" , suka dehh😍"",5"
"2025-08-19 09:48:05,""mantap, aplikasi simpel, pelayanan memuaskan, thanks toco"",5"
2025-10-02 07:54:15,adminnya flash respon baik mantap sukses selalu,5
"2025-05-29 06:52:17,""Semangat selalu, Semoga menjadi aplikasi marketplace terbaik nantinya. Sehat selalu tim TOCO membantu kami para penjual yang kesulitan terhadap potongan pajak hingga 15-20% oleh aplikasi lain 🙏🏻"",5"
"2025-08-08 22:22:08,""aplikasinya bagus ga bikin ribet, simpel, mudah mudah maju terus toco..👍👍👍👍"",5"
"2025-07-05 06:14:59,""awalnya ikut-ikutan aja pakai apk ini, oas udah di coba ternyata aplikasinya lebih ringan di banding yang lain, tapi ada beberapa yang harus di perbaiki lagi yaaa miin terutama tambahin fitur pembayaran COD. Terus berkemang dan bergerak lebih cepat yaaa biar pengguna semakin nyaman."",5"
"2025-08-14 05:00:18,""mau upload produk, kesalahan. aplikasi isinya kesalahan terus."",1"
"2025-09-28 02:14:16,""enak tidak ada potongan, layanan cs jg sgt membantu"",5"
2025-08-27 08:19:32,bintang 5 buat toco. terus berproses yaa terimakasih sudah menjadi andalan disetiap transaksi saya🙌,5
"2025-09-06 14:45:23,""Admin toco respon cepat,saat ada kendala.terpercaya dan amnah.terima kasih."",5"
2025-08-17 13:39:00,sebagai seller.... kriikk...kriikk...kriiiik.. apa masih belum terkenal apa gmn ya.. 😁. tapi aplikasinya is ok sii..nggak ribet.,5
"2025-09-29 15:05:01,""tidak ada sistem cod,jadi malas belanja disini"",1"
"2025-08-25 12:28:49,""aplikasi bangke, nyusahin seller, dana gw ketahan brp hari nih? mana admin di chat sama e-mail ga responsif juga 😑😒"",3"
2025-08-19 10:11:04,Mudah2an toco bisa berkembang dan membantu UMKM,5
2025-09-15 03:59:08,sejauh ini oke sih utk refund dana mohon dipercepat y min stlah pembatalan pesanan trimakasih toco,4
2025-10-06 15:06:31,pelayanannya bagus banget. pokoknya bintang yang berbicara 🤭 sukses selalu TOCO 🥰🥰 pokok love banget 🤭🥰🥰,5
"2025-08-19 11:23:11,""aplikasi GK jelas mau narik saldo penjual aja harus nunggu sampe 3 hari, makanya penjualnya sepi"",1"
"2025-09-27 14:44:03,""Terimakasih Toco. Keren ,sangat mengerti kebutuhan UMKM.Terimakasi sudah membantu UMKM dalam pemasaran produk.Semangat maju bersama.....Toco semakin besar dan terkenal."",5"
2025-09-30 03:04:23,setelah di download minus di metode pembayaran gak bisa Cod.. gak bisa ke Alfa /Indomaret juga.. untuk di daerah penting banget pembayaran kalau ke brilink juga kena admin nya lumayan kalau di kampung,3
"2025-08-22 03:31:22,""aplikasi mantap, cocok sekali bahi yg baru atau pemula untuk berjualan, selain itu jika ada komplain ataupun hal yg ingin ditanyakan serta butuh bantuan bisa menghububgi CS dg mudah, CS nya pun bukan BOT."",5"
"2025-08-31 05:27:14,""mohon ada opsi untuk duplikat produk untuk lebih cepat upload produk baru, terima kasih"",5"
"2025-10-24 04:15:22,""Aplikasinya simpel dan mudah dipakai buat jual beli barang baru maupun preloved. Tampilan bersih, transaksi juga aman dan cepat. Cocok banget buat yang suka belanja hemat tapi tetap aman"",5"
"2025-10-13 06:31:23,""Bisa drop off dan pick up Cocok untuk pemula berjualan online Fiturnya bagus sih update,Improvement konsisten Bigseller,Tampilannya juga simple CS nya bukan bot jadi enak buat interaksi pokok nya rekomen buat pemula sih"",5"
"2025-11-02 03:20:30,""Aplikasi aneh eror mulu, status pengiriman ga ke update. Kalo mau update status pengiriman harus chat admin dulu. Ga jelas anj aplikasi ini. Merugikan seller dana ke tahan mulu kalo belom siap bikin marketplace mending tutup aja aplikasi nya"",1"
"2025-10-13 02:10:54,""aplikasi cocok bgt buat pemula, yang balesin cs bukan bot, bisa drop off pick up juga, fitur fiturnya update banget,tampilannya simple jdi gampang buat aksesnya"",5"
"2025-10-17 10:41:53,""Seneng banget nemu aplikasi ini! Fiturnya terupdate semua, keren! Tapi yang paling penting tampilan simple dan cocok untuk pemula kayak aku. Jadi pede buat mulai jualan online disini"",5"
2025-10-29 14:47:31,toco sangat tidak nyaman. sudah merekomendasikan untuk melakukan blokir high domino dan slot judi online. tapi toco tidak mau memblokir seller nakal judi online. saya sangat tidak nyaman karena ternyata banyak seller judi online,1
2025-10-14 10:57:35,blnja di sini sangat memuaskan adminya sangat responsif dalam menyelesaikan masalah soal pesanan trimaksih toco🙏😁,5
"2025-08-08 02:35:16,""Aplikasi yang keren banget, ringan udah gitu gampang banget di gunain nya . kurirnya lengkap semua ada ."",5"
"2025-09-22 11:46:00,""ayo min naikin ini e-commerce biar kita nambah semangat make aplikasi ini, aplikasi lain udah kayak maling ga ngotak admin nya"",5"
2025-09-28 06:25:35,aplikasi bagus buat seler pencairan gak kepotong,5
"2025-07-11 09:59:52,""loadingnya bikin gila bisa 10 menit lebih, bug gagal nya bnyk bgt,sayang sekali"",1"
"2025-07-21 05:16:26,""Saya suka aplikasi ini karena cari barang jadi super gampang. Tinggal ketik nama barang, langsung muncul banyak pilihan"",5"
"2025-07-01 16:59:38,""upload produk gak tampil tampil, gak ada koneksi mulu, padahal sinyal full"",2"
2025-07-15 11:58:19,tampilannya simple jadi memudahkan untuk pengaplikasiannya dan fiturnya terupdate,5
2025-06-27 03:00:11,mantappp TOCO. Tolong perbaiki lagi sistem nya. kadang suka Bag. dan banyakin fitur nya..,5
2025-07-28 11:11:06,upload produk prosesnya lama.Masa sampe 2 hari belum beres diperiksa system.Payah Fix ga jadi jualan disini.Uninstal saja Kawan,1
"2025-06-20 06:07:58,""yg dicari barang apa, yg muncul segala macem ada, bahkan yg ga berkaitan jg banyak. filter pencarian kureng bang."",1"
"2025-07-17 22:18:42,""untuk variasi berat produk per variasi mohon di buatkan menunya supaya lebih press isi, karena variasi dimensi produk belum bisa di atur."",5"
"2025-07-30 04:05:39,""aplikasi yang cocok untuk kaum mendang mending, harga produk terjangkau dan banyak pilihan produk lokal"",5"
"2025-08-08 04:20:24,""wah, aplikasinya ringan banget, ga berat sama sekali dan sangat mudah digunakan, mantapp"",5"
"2025-07-21 03:24:24,""Mudah digunakan, pilihan barang yang luas, dukungan pelanggan yang responsif, transaksi aman, dan tanpa biaya komisi."",5"
"2025-07-05 06:13:41,""wiihhh kereenn, aplikasi toco ringan dan gampang di gunakan, cocok banget buat umkm"",5"
"2025-07-06 05:22:18,""baru buka toko, swmoga lancar semuanya gada gangguan/pajak yg ga ngotak seperti sebelah"",5"
"2025-07-05 06:19:15,""untuk aplikasi nya bagus , sangat membantu memenuhi kebutuhan , ramah untuk UMKM"",5"
"2025-08-08 03:05:02,""aplikasinya bagus, Mudah banget untuk transaksi ya dan csnya baik, mantap"",5"
"2025-07-21 03:27:38,""taco salah satu platform terbaik dan aman, mencari barang mudah dengan CS yang gak ribet dan ramah bisa drop off juga kategori yang lengkap dan juga ada fitur live juga"",5"
"2025-06-29 16:12:34,""sering logout sendiri , apk nya lamban sekali ,untuk 1x upload butuh waktu lumayan"",1"
"2025-06-12 01:05:04,""Aplikasi ini mudah di mengerti, tampil enak untuk seller... tapi sayang belum bisa livestreaming"",5"
"2025-06-03 04:50:54,""Udah gabung, smpai saat ini lancar aja ya, ada kesulitan tanya adminnya juga di bantu, semoga makin berkembang"",5"
2025-05-18 13:12:15,aplikasi ini bagus banget simple gak ribet kaya tiktok mudah mudahan bisa menjadi pengganti tokped,5
"2025-07-21 03:21:04,""salah satu toko online yg menurut gw lumayan lengkap, dari segi fashion , barang digital dll .. cari barang d toco juga mudah , gak ribet!"",5"
2025-05-21 10:22:15,tiap kali masuk ke toco seller sering error mohon di tingkatkan lagi perbaikan systemnya,2
2025-07-30 04:06:15,CS nya helpfull banget. bahasanya jg gampang dimengerti dan cepet penyelesaiannya.,5
2025-07-06 17:15:12,saya udh coba aplikasi nya tapi lemot banget harap di perbaiki dan kenapa ga ada gratis ongkir,3
2025-08-08 04:10:19,aplikasi belanja yang mudah digunakan. gak ribet. banyak promo untuk pengguna baru☺️,5
2025-07-05 06:49:43,aplikasinya mudah digunakan mungkin kedepannya dapat ditambahkan fitur cod biar pembayaran makin enak,5
2025-06-01 15:40:47,Banyakin vocer dari platform buat narik buyer min percuma banyak yang jual nggk ada yang beli,4
"2025-06-13 15:38:59,""ayok min,, kalahkan si Oren Ama si Hitam. Mereka yang lebih pro ke buyer tapi mencekik seller. saatnya seller diberdayakan. Kalahkan mereka yang dipelihara oleh kaum kapitalis. yok min,, banyakin promo-promo biar Toco makin dikenal."",5"
"2025-07-05 07:53:30,""Sebuah pelangaman baru menggunakan Toco, aplikasinya menarik dan mudah untuk digunakan"",5"
"2025-06-21 08:18:58,""aku udah daftar buka toko juga di toco,ayo tim toco promosiin besar2an dong biar orang kenal marketplace toco ini & makin banyak pengguna nya,aku udah optimis bgt ini toco ini bisa besar juga seperti marketplace yg lain"",5"
"2025-07-05 06:16:48,""Aplikasi Toco benar-benar jadi solusi praktis untuk para pelaku usaha, khususnya UMKM. Fitur-fiturnya lengkap dan mudah digunakan, dari manajemen produk sampai pengiriman. Tampilannya simpel tapi profesional, membuat navigasi jadi nyaman. Customer service-nya juga sangat responsif dan membantu saat ada kendala. Ditambah lagi, ada diskon ongkir dan dukungan fitur hemat seperti PosAja sangat cocok untuk pelaku usaha yang ingin efisien. Toco layak dapat lima bintang!"",5"
2025-07-14 10:22:33,aplikasi nya bagus tapi ga ada pembayaran dengan cc dan bank nya kurang nih,3
2025-07-28 05:21:09,promosi kurang jd banyak buyer yg bahkan tidak tau app toco.,1
"2025-07-11 21:56:33,""Bisa update sistem pengetikannya tidak? Soalnya tidak semua orang pakai qwerty, saya malah pakai phonepad Sony xperia"",3"
2025-06-05 14:04:24,E-commerce terlengkap dan keren buat para seller maupun buyer. Bisa berpeluang cuan,5
"2025-07-05 06:24:37,""UMKM Friendly, sangat mudah dan cocok bagi para pemula juga."",5"
"2025-07-05 06:10:48,""aplikasi yang bagus, Toco memenuhi kebutuhan konsumen apapun yang di butuhkan sejauh ini tersedia. cs nya juga responsif dan informatif."",5"
"2025-07-13 10:39:18,""Aplikasi yang sangat Bermanfaat bagi pedagang online, trimakasih bnyak toco"",5"
"2025-07-15 04:53:44,""bagus banget aplikasinya, tampilan yang dipakai sangat simpel mempermudah saya dalam menggunakan aplikasinya"",5"
"2025-05-15 03:27:12,""appsnya bagus, cuma agak lemot, saran sy tolong dibesarin kapasitas servernya spy ga lemot"",5"
"2025-05-26 01:14:37,""sangat lambat dan kurang efisien, selalu input error"",1"
"2025-08-09 11:54:53,""harga nya lebih murah dari toko Oren dan t*k*tok,, pembayaran mudah, pembatalan dan return dana semudah marketplace yg sudah lama🤩"",4"
"2025-07-07 11:54:51,""mau belanja, tapi ga bisa diklik masuk keranjang/beli tuh gimana??"",3"
"2025-07-04 08:43:05,""bagaimana caranya melihat ulasan dan rating pembeli sebelumnya terhadap produk, saya sebagai calon pembeli merasa bingung dengan produk yg hendak dibeli karena tidak bisa melihat ulasan, sebagai bahan acuan saya."",4"
"2025-10-30 06:33:39,""solusi jual online terbaik,,,,harga lebih realistis dan bisa jual miring,,,,krn biaya blm ada"",5"
"2025-07-05 07:22:15,""bagus buat kita para umkm pemula,, boleh tambah penbayaran lewat COD dong min"",5"
2025-07-21 03:27:34,aplikasi sangat bagus dan membantu bisa drop off dan cs gak ribet,5
"2025-06-10 21:33:17,""enak di lihat, cuma barang belum lengkap, tampilan oke , jngn lupa kasih cicilan min 😁"",5"
"2025-06-18 05:14:39,""ongkirnya berat banget,potongan promo ongkirnya juga terlalu tipis"",3"
"2025-07-05 07:55:18,""Systemnya perlu di tingkatkan lagi, aku login cuman loading saja gak bisa masuk"",3"
2025-06-10 03:44:31,mudah digunakan tidak ribet semoga lebih baik kedepannya dan berkembang pesat,5
"2025-05-29 16:18:01,""aplikasi jual masa depan ni kawan mantap,fitur dan barang-barangnya pun luar biasa ramah-ramah juga para penjualnya"",5"
2025-07-05 06:35:29,wah aplikasinya ringan mudah digunain lho. pokoknya UMKM friendly dah. web profesional soalnya,5
2025-05-30 02:55:55,kalau bisa aplikasinya menu2 bukalapak yang awal2..gampang upload iklan dan belanjanya,5
"2025-05-28 04:44:01,""upload produk aja lama bener di seller center, 30 mnt lebih ga bisa2. gimana mao jualan kalo masih kaya gini"",2"
2025-07-30 04:09:03,aplikasi ny simple mudah dimengerti dan sangat bermanfaat,5
"2025-07-05 06:18:07,""aplikasinya mantab sekali , sangat memenuhi kebutuhan.semoga selalu upgrade terus"",5"
"2025-06-27 13:00:28,""Lebih baik si hijau dan si oren ✌️, lebih ringan, lebih ramah, gabungan antara oren, hijau dan fb"",5"
"2025-07-08 01:57:41,""Sudah baik, banyak yg mulai pindah Toco dari ijo yg sangat menekan.. tolong kalau bisa kedepannya difasilitasi sperti fitur Live, biar makin ramai, thanks team Toco udah hadir meramaikan e commerce Indonesia. Sukses selalu"",5"
2025-07-05 08:10:42,Daftar toko tapi tidak bisa isi alamat kelurahan dan kecamatan tidak bisa diklik,1
2025-06-02 07:38:38,sangat mudah digunakan. semoga apk ini bisa membantu para Reseler untuk berjualan.,5
"2025-06-09 11:52:24,""aplikasi bagus,tapi untuk update status paket nya sangat lama,saya sudah"",3"
"2025-07-02 12:54:45,""Cs lambat respon nya, tidak ada pembatalan transaksi, setelah membalas 1 bubble chat lgsg menghilang entah kemana"",1"
2025-07-31 23:15:52,trafficnya perlu ditingkatkan dengan berbagi program menarik dan lebih masif,5
"2025-06-14 21:43:56,""baru donlod, ane gas B5, moga makin semangat, tanpa bug n lelet biar lancar jaya, ane support produk lokal"",5"
"2025-10-21 12:22:20,""ADMINNYA SUPER RAMAH, TERBAIK SUKSES TERUS TOCO MARKETPLACE!!"",5"
"2025-07-05 07:16:11,""aplikasinya ringan dan mudah digunakan, banyak diskon"",5"
2025-06-02 18:02:43,Sementara ⭐ 3 dl kalau bagus seperti toko oren ada afiliate nya baru ⭐ 5,3
"2025-10-13 06:23:48,""baru tau ada aplikasi ini,bener"""" kumplit sampe jual mobil,motor second dan ya lain kayanya baru ada di aplikasi ini deh"",5"
2025-07-17 13:26:54,saya sarankan jangan gunakan aplikasi ini. aplikasi masih gak jelas. saya membatalkan pesanan. tapi saldo refund saya gak masuk rekening. gak ada hilang.,1
"2025-05-27 11:12:14,""sayang sekali sistemnya tidak ada sistem cod ,bayar Indomaret/Alfamart , opsi jasa pengiriman cuman satu dan lama menurutku 4hari"",3"
"2025-10-27 10:33:06,""gila, bug nya banyak amat woy"",1"
"2025-09-26 23:33:43,""Tidak bisa upload produk, tidak bisa mengubah profil dan informasi toko. Muncul pop up """"periksa koneksi internet anda"""" , padahal kuota dan jaringan gak bermasalah. Kenapa ???"",1"
"2025-08-22 04:02:27,""bagus sih rekomend buat yang mau belanja barang online/preloved nggk ribet sama sekali. Cs nya ramah dan cepet tanggap juga. aplikasi nya juga ringan gampang di pakai GK ceket"""" juga. pokonya ini aplikasi bagus buat di pakai belanja online. apalagi buat aku yg suka cari barang"""" online murah disini terpercaya bngt dehh."",5"
"2025-09-28 03:16:08,""Pengiriman bisa pilih antar sendiri atau dijemput kurir, cocok banget buat yang baru mulai jualan online. Fiturnya selalu diperbarui dengan peningkatan terus-menerus, sudah terhubung dengan Bigseller, dan ada kurir khusus untuk produk digital. Tampilan aplikasinya simpel dan mudah dipahami, customer service asli manusia (bukan robot), team punn siap bantu imigrasi."",5"
"2025-08-23 15:30:13,""ini gimana aplikasi eror terus masak selalu jaringan bermasalah padahal buat aplikasi lain lancar gk ada masalah,mana udah kirim barang jualan pula fitur chat juga bermasalah jaringan normal tapi centang 1 tidak teekirim ke lawan chat"",1"
2025-09-15 05:18:44,awalnya coba peruntungan di app lain nemu toco. sangat mudah untuk penjual pemula pas mau CO juga banyak diskon ongkir gak susah buat sematin alamat. CSnya responsif dan garcep,5
2025-09-02 06:13:43,saya suka sekali transaksi di sini karena lebih mudah dan tidak ribet banget bahkan saya selalu membeli aplikasi ini marketplace juga sangat bagus tampilan nya namun kategori nya tidak akurat karena banyak toko tidak bertanggung jawab dan saya suka banget beli di toko ini - DiskonStore - karena pelayanan ramah dan rekomendasi,5
"2025-08-22 03:35:21,""aplikasi yg sangat bermanfaat dan bagus sekali. Bisa bantu saya berjualan online, dan menghasilkan cuan dari sini. cocok untuk pemula yg mau buka usaha, aplikasi ini sangat membantu apalagi untuk anak muda seperti saya."",5"
"2025-08-19 01:08:30,""untuk aplikasi baru yg masih sangat sepi pengunjung, aplikasinya teramat sangat super lemot dan error. mau buka aplikasi loading lama, mau upload produk keterangan error berkali2, sekalinya sukses ada 3-4 etalase produk yg sama. fokus tingkatin kualitas aplikasi dulu lah sebelum promosi, mumpung seller2 online udah lada jengah denga duo tokped dan shopee yg potongan biaya adminnya makin tidak manusiawi"",1"
"2025-09-18 02:44:54,""buat kalian yang mau mulai jualan di TOCO gausah ragu sih, disini enak banget, semuanha serba mudah, fitur drop off & pick up nya praktis banget, nah buat yamg mau belanja disini juga enak nih karna kalo kita tanya-tanya yang jawab beneran manusia bukan bot, jadi gak ngaco😁 bintang banyakk banyakk dehh⭐⭐⭐⭐⭐⭐⭐"",5"
"2025-08-22 13:26:07,""wadidaw toco terima kasih, akhirnya pecah telor juga. pengiriman cepat cuman 1 hari ke pembeli, terus pencairan penghasilan cuman 1 hari blm 24 jam cair ke ewalat. hayu mampir ke toco ku MYSYAA GAMIS insyaallah gamis realpict sesuai dengan fotonya. awal ragu karena ada pesanan, takut pikiran ku bagaimana, pengiriman / penarikan penghasilannya. awal ku cobain tapi ketagihan, toco the best banget. kalau ada bintang 🌟🌟🌟🌟🌟🌟🌟🌟🌟 melebihi play store review nya."",5"
2025-09-18 02:36:33,aplikasi bagusss😍 gampang mudah digunakan,5
2025-05-25 10:21:20,besar banget harapan saya ada rejeki besar di toco ini. mudah2an toco berpihak ke seller dan menguntungan ke buyer. aku seller marketpalce yang lain rasanya payah banget jualan dsana. besar banget harapan saya di toco ini,5
"2025-07-18 13:28:09,""Bintang 4 dulu ya,Dan Tolong Pembayaran dengan BCA(Virtual Account dan transfer manual) diadakan,masa pembayaran melalui BCA kok malah Ndak ada."",4"
"2025-08-10 01:42:26,""nama toko ku di toco digitalstore99 saya adalah penjual sejak tahun 2021 di toko oren namun setelah saya bangun pada tgl 6 Agustus 2025 toko saya kena banned tanpa alasan yang jelas, keputusan saya pindah ke sini, karena saya yakin toco si kuning akan berjaya mengalahkan si oren yang serakah, Mudah-mudahan saya bisa membawa pelanggan saya ke sini 😁 salam hijrah 🙏"",5"
2025-07-05 06:16:13,Aplikasi yang mudah digunakan dan CS sangat responsif,5
"2025-07-21 03:23:36,""Saya sangat puas belanja di toko ini. Barang dikirim dengan cepat dan dikemas dengan rapi. Produk yang saya terima sesuai dengan deskripsi dan foto di etalase. Penjual juga ramah dan responsif saat saya tanya-tanya. Sangat direkomendasikan, akan repeat order lagi pastinya! pelayanan Cepat Sesuai Depspsi Matap"",5"
2025-10-13 17:26:23,salah satu aplikasi yang sangat bagus cocok buat saya melakukan jual beli dengan aman,5
"2025-06-07 00:56:17,""Baru buka tgl 30 Mei 2025. Semoga bisa sbg alternatif marketplace online yg lebih mensupport seller, setelah tokopedia tumbang dan harus gabung dgn aplikasi anak² alay joget² toktok.. Mari kita berjuang bersama² Toco, kami sbg pihak seller dan anda sbg pihak penyedia apl platform marketplace online.. semoga kita bisa raih sukses sama².. Platform, seller dan buyer sama² mendapatkan manfaat.."",5"
2025-09-14 06:17:56,TOCO sangat bagus untuk UMKM dan komunitas,5
"2025-10-14 02:44:33,""Bagus banget apknya untuk anak"""" yang ngerantau cocok buat jual beli barang murah"",5"
"2025-09-08 09:40:42,""selernya ramah, responnya cepat"",5"
2025-07-15 06:12:40,tampilan dashboard sangat sederhana dan mudah dipahami bahkan untuk seller yang baru. serta pelayanan pendaftaran dan kontak admin sangat bagus...,5
"2025-02-24 00:41:55,""1. Aplikasi ringan 2. Fitur mudah dipahami 3. Biaya admin 0% (semua marketplace awalnya juga gitu, nanti pas udah gede baru deh para sellernya dicekik 😂) 3. Untuk jadi penjual proses verifikasi sangat sulit. Verifikasi no hp sampek 2 hari baru bisa. Verifikasi data untuk penambahan rekening ini yang belum berhasil sampai sekarang, gagal terus. Saya kasih bintang 5 biar tambah semangat aja buat memperbaiki aplikasinya."",5"
"2025-06-11 01:07:21,""Mudah banget cara pakainya Toco. Kendala saya= majang 4 produk lalu pemajangan selanjutnya belum tampak dietalase, sepertinya sedang ditinjau oleh admin Toco. Mungkin saya kedepannya shari cukup 4 produk aja uploadnya biar ngga dianggap spam. Maaf ya, Toco, kalau saya banyak upload sekaligus dihari yang sama (4 produk), saya bukan spam tapi saya sedang persiapan pindah ke Toco dari aplikasi hijau. Saya pindah karena konon aplikasi hijau mau dihapus diganti dengan tuktuk. Entah benar atau engga."",5"
"2025-07-25 02:46:29,""Semoga bisa jadi pengganti Tokopedia. Cuman fitur """"minimal kuantiti order"""" tidak ada, ke depan semoga ditambahkan. Tidak semua seller itu pedagang eceran, ada yg jual barang receh, tapi harus kuantiti banyak."",5"
"2025-07-02 04:31:25,""bintang 4 dlu,aplikasi lemot dan banyak error nya"",4"
"2025-06-18 05:41:49,""pindah kesini gara-gara tokped uda ga friendly, kena jajah tiktod. semoga kedepannya aplikasi ini berkembang tanpa pihak asing yg dzolim ke pedagang."",5"
"2025-06-15 06:52:03,""Nitip pesan buat founder.Nanti kalo sudah besar, tolong jangan dijual ke asing ya.Sukses selalu."",5"
2025-05-29 03:53:50,bintang 2 dulu sampe bisa daftar berhasil baru naikin.. ga bisa daftar niat ga sih aplikasi ini,2
"2025-07-30 13:41:17,""baru jualan di toco, setelah pindah dan kecewa dengan tok*ped, Semoga toco terus berkembang dan lebih baik dari marketplace sebelah."",5"
2025-05-31 09:27:45,mau verifikasi aja gak bisa.. adminya di kontak jg gak bls-bls huftt....,2
2025-09-06 10:24:00,JANGAN PERNAH BELI DI APLIKASI INI. APLIKASI PALING RIBET UNTUK KOMPLEN DAN REKTUR,1
2025-07-21 03:24:23,tinggal masuk ke katagori hobi sudah tinggal pilih.soalnya aplikasi ini menampilkan kategori hobi beragam,5
"2025-06-05 07:36:38,""cs nya di tingkatkan, alasan penjual betah itu salah satu nya cs fast respon"",5"
2025-06-12 17:52:04,mudah mudahan aman dan amanah jualan di aplikasi toco Indonesia semoga semakin berkembang,5
"2025-10-04 09:32:02,""mantap jualan online,saran masukan kalau bisa bikin promo diskon barang,kalau bisa kerja sama bank digital 😇😇😘😘"",5"
"2025-05-25 12:38:32,""simple tampilannya, cuma sering ada notif """"terjadi kesalahan sistem"""" kenapa ya?"",4"
2025-10-13 03:00:55,Cocok untuk pemula berjualan online Fitur nya terupdate Kurir toko untuk produk digital Tampilan simple CS BUKAN BOT Team bantu migrasi,5
"2025-08-08 02:27:09,""setelah download ini saya jadi hemat, dan kebutuhan bulanan saya jadi lebih hemat."",5"
"2025-07-05 06:16:09,""Aplikasinya ringan dan gampang dipakai, cocok buat semua orang. CS-nya responsif dan bener-bener ngebantu. Ada diskon ongkir Paxel dan hemat ongkir PosAja juga, mantap! Navigasi jelas dan praktis. Kalau bisa sih ditambah fitur COD ya. Toco ini udah cocok banget buat bantu kebutuhan, apalagi buat UMKM. Websitenya juga kelihatan profesional. Pokoknya puas deh"",5"
2025-08-10 05:02:09,kenapa saldo saya yang di return belum masuk ke rekening selama 3x24 jam ya ??,5
2025-07-01 07:36:44,Aplikasi yang bagus. bisa classified. gak Maruk seperti marketplace lain. Moga segera menjadi aplikasi mainstream di Indonesia,5
2025-07-13 00:42:42,fitur pencarian masih terbatas tidak mencakup seluruh indonesia,3
2025-07-09 17:38:49,APLIKASI MUDAH DAN GAK RIBET Bismillah Mau Buka Usaha Di Aplikasi Ini Dan Alhamdulillah Sudah BUKA TOKO Semoga ada Rezeki nya Di Aplikasi TOCO.. Dan Semoga Tidak Seperti Aplikasi Online Shop Oren Dan Hijau MAKIN KESINI MAKIN BANYAK POTONGAN PAJAK yg Dapat Merugikan Pedagang/Penjual SEMOGA APLIKASI TOCO MAKIN BANYAK PEMINATNYA YUK BUAT PEDAGANG RAMAIKAN APLIKASI TOCO APLIKASI TOKO KUNING...,5
"2025-06-11 23:42:04,""sudah bagus, hanya kurang subsidi ongkir dan iklan"",5"
"2025-06-08 11:54:47,""terimakasih sudah merespon komplain saya, semoga kedepannya aplikasi toco bisa menjadi lebih baik"",5"
"2025-07-30 04:13:26,""aplikasi yg sangat bagus ,banyak fiturnya , banyak diskonnya , hemat ongkirnya ,banyak diskon ongkir juga , iklan produk jg gratis , ruang komunitas sharing website custom. bagus banget deh pokoknya ."",5"
"2025-07-24 23:12:52,""aplikasinya bagus dan lancar , cuma masih bingung karena hampir mirip seperti toko bagus atau OLX. 1 lagi seller yang ngasih harga 1 rupiah itu apa salah input atau bagaimana? sellernya di tanya malah gak di respon"",5"
"2025-07-15 15:35:05,""Jujur aku baru coba aplikasi TOCO dan ternyata cocok banget buat jualan online! Fitur bikin website pribadi otomatisnya ngebantu banget, apalagi buat pemula kaya aku. Tampilan aplikasinya juga simpel dan ga ribet. Pokonya suka banget sama fitur-fiturnya! keren TOCO!!!"",5"
"2025-05-25 19:29:04,""Sudah bagus, sekedar saran. utk APK dan Web loading-nya masih lama, bs di tingkatkan lagi. utk judul Iklan/produk karakternya coba ditambahkan. jgn cm 75 karakter. minim 150 karakter. terimakasih"",5"
"2025-07-16 02:18:00,""Enaknya TOCO tuh pilihan kurirnya banyak. Jadi nggak mentok satu doang, bisa disesuaiin sama budget dan lokasi customer. Ini bantu banget buat seller kecil kayak aku."",5"
2025-07-30 04:35:05,Sejauh ini toco termasuk platform jual beli yg bagus. Cs ramah dan cepat tanggap dlm membantu karena berbasis manusia bukan bot. Harga okelahh. Bisa juga jadi ruang komunitas untuk sharing Krn penjual dan pembeli bisa lgsg berinteraksi.,5
"2025-06-24 01:56:38,""Masukkan untuk tampilan daftar produk di Web, coba di tingkatkan min 20, 50 Max 100 seperti yg lain. Jagan cuma 10 aja. produk kalau ribuan kesal melihatnya kalau tampilannya cm 10 produk di tiap tampilan daftar produk di Web. terus kudu klik next produk bikin kesal."",5"
"2025-07-01 07:20:17,""bintang 2 dulu, karena setelah saya pindahkan produk saya dari marketplace lain ke TOCO, banyak gambar produk saya yang tidak muncul di web maupun apps nya, padahal di seller centernya gambarnya muncul, tolong bantu bagaimana perbaikinya"",2"
"2025-06-24 02:34:02,""🌟🌟🌟🌟🌟 Aplikasi Toco benar-benar membantu! Saya sangat terbantu dengan fitur-fitur di aplikasi Toco. Tampilannya sederhana dan mudah digunakan, cocok untuk pemula maupun yang sudah berpengalaman. Proses pencatatannya cepat, bisa disesuaikan, dan sangat mendukung produktivitas harian saya. Selain itu, fiturnya stabil, jarang error, dan rutin diperbarui. Terima kasih Toco, terus tingkatkan kualitasnya!"",5"
"2025-07-30 04:20:42,""Aplikasi ini keren sih, karena nggak cuma fokus jualan, tapi juga support produk lokal. Banyak brand lokal yang biasanya susah ditemukan, di sini malah dikasih tempat. Jadi makin semangat belanja karena bisa bantu pelaku usaha lokal berkembang"",5"
"2025-07-15 23:26:34,""Gila banget sihhh fitur fiturnya bener bener membantu dan terupdate banget, jadi ngelakuin transaksi juga ngerasa mudah, apalagi pelayanannya juga cepet, rekomen banget pokoknya aplikasi ini"",5"
"2025-08-08 03:01:18,""aplikasinya eye cacthing, enak dilihat, gampang di pelajarin, adminnya fast respon. lebih enak di pandang dari apllikasi marketplace lain.. buat order juga enak.. terimakasih sudah mempermudah hiduo dalam perbenlanjaan duniawi.. 😘💖💞"",5"
"2025-08-01 02:10:49,""Haloo min, saya sangat suka dengan aplikasi penjualan seperti ini sama kyk toped, muanteep saya akan jadi seller setia dsini. aku jual aksesories hp anti gores dan casing. nama toko saya allstore mohon di perhatikan min. walaupun sepi bgt saya akan support, mudah²han kedepannya bisa menjadi marketplace besar, semoga aja amin."",5"
"2025-07-15 09:02:27,""UI sudah bagus, UX yg agak kurang, saat isi kelengkapan data (rekening, alamat, dll) masih sering error, padahal data yg diisikan sudah benar, buat tim developer, semoga segera dibenahi"",4"
"2025-06-06 06:54:31,""sudah bagus dari segi tampilan, maybe update dipercantik pake kombinasi warna dan event, HIGHLIGHT : • Kerjasama KURIR diperbanyak, • Fitur IKLAN Event Bisa di X [Close] ganggu saat scrool bikin user ga betah stay buat cari Product, • Jaga Kepercayaan dan jaga aplikasi nya Agar tidak di rusak oleh REGULASI investor, • CS dan Problem dipermudah jangan dibuat Ribet, jaga Layanan Client pembeli dan penjual"",5"
"2025-06-05 04:23:02,""Bagus, namun sebagai seller keluhan utama ialah ketika ingin mengedit produk loading sangat lambat bahkan tidak bisa sama sekali. Tolong perbaiki"",4"
"2025-08-08 02:50:54,""Aplikasi nya bagus bangettt sangat memudahkan kita untuk membeli barang online, CS nya juga baik ramah², barang lokalnya juga bagus banget woyy ga ekspekk sebagus itu😍 mana banyak diskon yang bikin kalap😍"",5"
"2025-07-16 02:34:24,""Saya sangat terbantu karena customer service-nya menjawab dengan tenang dan tidak terburu-buru. Enak diajak komunikasi, meskipun saya banyak tanya tetap dilayani dengan baik. Salut!"",5"
"2025-06-09 06:11:59,""tolong bagian verifikasi diperbaiki, udah diverifikasi ko disuruh verifikasi lagi, masukin email yg sama saat verifikasi pertama malah muncul tulisaan email sudah terdaftar, aplikasinya masih lemot banyak bug"",4"
"2025-07-05 06:16:35,""aplikasi bagus,ringan dan mudah digunakan,semoga ekspedisi pengiriman nya ditambah,dan juga metode pembayaran nya juga bisa cod,semoga aplikasi toco semakin jaya👍👍👍"",5"
"2025-09-14 07:52:39,""belanja disini puas banget, dan terjamin deh"",5"
2025-06-23 13:48:00,Pengalaman belanja jadi lebih praktis dan cepat. Banyak promo menarik dan proses checkout juga lancar. Recommended banget!,5
2025-10-26 06:22:14,bagus sekali dan fitur-fitur nya juga sangat mudah dipahami awalnya download karena fomo tapi makin kesini fiturnya makin lengkap ayo cobain🔥💯💯💯,5
2025-07-01 15:48:11,Bagus kok. Layanan oke. Tapi belum pernah dpt pesanan.,5
2025-09-01 05:57:13,Terimakasih MinCo sudah membantu memudahkan pesanan.,5
"2025-07-30 04:17:29,""barang-barang yang tersedia bervariasi dan harganya terjangkau, tiap transaksi bisa dapat subsidi ongkir."",5"
2025-07-29 13:38:54,saran syaa ayo Adain free ongkir toco pasti rame + ganti logo aja. mohon maaf logo nya syaa rasa kurang cocok atau pun kurang unik. apa gw bikinan desain toco nya ?......,5
2025-05-29 07:26:24,bingung sama aplikasi nya.upload produk siang hari gagal mulu.Gimana mau bersaing dengan yang lain.dari awal banyak kendala,4
2025-07-09 03:33:58,masih coba coba buka lapak di taco semoga lancar. bintang nya 3 dulu klo oke nanti naik ke bintang 5.,3
"2025-07-09 14:59:44,""bagus bgt! bagus buat seller maupun buyer, maju terus toco!"",5"
2025-09-27 12:36:44,Toco lebih sepi dibanding kuburan,1
2024-09-11 03:54:16,Aplikasi yang sangat sangat membantu seller untuk mengembangkan bisnis nya.. Bebas biaya admin & tanpa potongan apa pun.. Fiturnya mudah & lengkap. Semoga TOCO bisa terus mengembangkan fitur & program nya lagi.. Salam sukses,5
2025-06-26 03:50:00,Tampilan bagus sederhana mudah dipahami,5
2025-08-22 04:35:13,rekomendasi tempat beli dan jualan online. cs nya solutif dan informatif (bukan bot). patut dicoba,5
2025-07-05 08:41:26,apkiasi sangat bagus. dan mudah di gunakan🤗,5
"2025-08-19 16:59:01,""Aku udah punya toko di sini, terus tingkatkan."",5"
2025-07-30 04:54:43,nemuin apk yang banyak gratis ongkir'nya. bisa ngiklanin produk gratis pula. thanks,5
2025-08-04 13:30:05,baru coba semoga semakin berkembang dan memuaskan penjual serta pembeli terimakasih 😊,5
2025-05-29 11:42:06,tinggal tingkatin server dan di buat lebih simple,5
2025-07-20 08:24:21,tolong untuk toco sertakan VIDEO produk 30menit-60menit dan buat promo setiap minggunya beserta voucher ongkir jika sesuai biaya ny kita siap kerjasama,5
"2025-07-05 06:55:31,""aplikasi yg mudah untuk d gunakan ,dan sangat bermanfaat untuk d masaa depan.."",5"
2025-09-25 03:02:15,ah ngaco ni app. mau mesan kagak bisa2 gegara sistem eror,3
"2025-07-30 04:06:32,""aplikasi bagus, pokonya bestt bgt nih aplikasi, pengiriman ny juga cepet gacorr parahh 🔥"",5"
"2025-07-05 09:53:34,""mohon update selanjutnya ditambahkan fitur follow utk tokonya, agar lebih mudah dalam pencarian"",5"
2025-07-05 06:15:08,toco memudahkan banget kalo mau COD. apk toco juga ringan dan mudah digunakan untuk hp android. recomended,5
"2025-07-14 16:43:13,""Bagus, sangat rekomended untuk didownload 💯👍"",5"
"2025-09-28 03:06:26,""platform dengan diskon besar.. aku baru download langsung dapat diskon, pelayanan nya juga cepat saat bertanya ke CS langsung di tanggapi.. terus berkembang dan lebih baik lagi yaa, saya suka"",5"
"2025-05-12 16:29:35,""Sementara saya kasih bintang 3 karena opsi jasa pengirimannya masih sangat sedikit. Padahal saya biasa pakai JNE, Wahana, & ID Express, tapi terpaksa pakai J&T karena cuma itu pilihan yg bisa diambil dari semua opsi yg tersedia"",3"
"2025-07-16 02:13:43,""Toco ramah UMKM, ini aplikasi lokal, mudah di mengerti dan tidak ribet seperti aplikasi asing"",5"
2025-10-04 08:10:55,mantap aplikasi toco responnya mantap banget,5
2025-06-18 14:59:39,pasang iklan dan promosi besar besaran agar bisa bersaing dengan si oren,5
"2025-05-29 05:33:20,""hei TOCO, JANJI ya gak akan aneh2 kalau sudah besar marketplace ini? kita seller pastinya bakal bantu promosikan ke calon2 customer buat transaksi di sini. klo udah mulai aneh aneh kayak si ijo, siap2 aja di tinggal seller"",5"
"2025-10-13 03:03:04,""Yang mau coba jualan secara online, bagus banget nih buat pemula. Selain aman, disini juga hemat guys, jangan ragu buat download dan cobain semua fiturnya ya."",5"
2025-10-28 17:55:15,aplikasinya bagus tampilan mudah buat pemula dan cs nya ramah banget simple dan lengkap banget,5
"2025-10-24 06:54:05,""cocok banget buat yg baru mulai jualan online, sangat memudahkan dalam drop off dan pick up pesanan, tampilan sangat simpel dan mudah dipahami"",5"
2025-11-07 03:41:06,Sayang bgt kga bisa COD,3
"2025-10-19 11:59:13,""aplikasi yng sngat membantu. mudah murah. gmpng akses ke Admin ramahnya. ada apa"""" tnggal ditnykan. goodjob"",5"
"2025-10-23 04:13:35,""senang bgt pakai Toco, fitur terupdate dan lengkap, buat yg baru mulai jualan, cocok banget ini buat pemula yg baru jualan online"",5"
"2025-07-30 04:22:28,""suka banget pakai aplikasi ini, sangat mempermudahkan dalam jual beli. gampang bgt cara pakai ni apk, aku bakal lebih sering pakai aplikasi ini sih"",5"
2025-09-18 02:43:03,mudah digunakan dan cepat,5
"2025-07-02 14:10:02,""baru mau nyoba, nyari2 kontak cs nya cuma 2 pilihan via wa ato email doang.. ga ada cs live lgs di aplikasi kah? jadi ragu mau jualan di sini.."",1"
"2025-07-05 06:12:00,""Alhamdulillah nemu aplikasi ringan dan mudah yang praktis dan membantu buat berbisnis, cs juga respontif, umkm friendly😍👍"",5"
"2025-10-13 06:21:41,""ini aku di saranin teman aku untuk jualan di sini, ternyata bagus banget buat pemula, ya semoga laris dagangan ku disini"",5"
"2025-11-07 21:35:04,""Tambahkan fitur COD, dan gratis ongkir. dan diskon promo"",1"
2025-08-20 22:23:38,resi ga keluar² sudah berhari² sampai kena protes pembeli,1
2025-10-31 11:52:21,Pelayanan nya ramah smoga bisa cepat pecah telur,5
2025-10-31 06:44:16,aplikasi gak muncul menunya,1
2025-11-05 13:42:21,belum ada fitur COD Bayar di tempat,1
"2025-05-28 02:22:59,""langsung B5 aja min.. semoga terus mengudara, jangan macem macem kalau sudah tumbuh pesat sampaikan ke owner nya min! jangan kayak toko toko sebelah lama kelamaan ngelunjak"",5"
"2025-08-08 02:56:21,""baguss ,beli barang dengan expedisi tercepat JNE sekalipun ongkir sangat murah ,dan cs sangat ramah dan telaten ,Ohiya gais kita juga bisa hubungi cs dengan Call/TLP langsung loh ,keren bgt kan🥰"",5"
"2025-07-05 07:58:51,""Jadi Pilihan Opsi Marketplace yang belum ada biaya admin,... walau masih baru, namun bisa jadi solusi jualan online pakai rekber. Sudah Buka Toko di Toco"",5"
"2025-06-28 14:27:06,""bagus simpel gak ribet, mudah2an banyak pelanggan di aplikasi ini 😁"",5"
"2025-10-23 07:59:12,""oke pokok nya, hanya saja belum banyak yang tau. semoga cepat di kenal masyarakat."",5"
2025-10-10 01:37:54,d suruh update. tp d tekan update balik k menu. mumet,3
2025-10-17 09:09:23,Aplikasi yg aman & amanah...👍🔥,5
2025-09-15 05:10:40,harganya murah2 tolong di tambah fitur COD inii...,5
"2025-10-28 08:44:45,""bang fitur follow, unfollow, dan pilih mode pembayaran bug mana aku mau cari vendor orang atau badan usaha yang menjual di aplikasi toco lu"",4"
"2025-07-02 02:17:39,""Mau buka toko untuk jualan tidak bisa, berkali kali dicoba untuk menyimpan alamat tidak bisa di klik sama sekali. mohon diperbaiki saya mau buka toko saja tidak bisa🙏🏻"",1"
"2025-06-18 04:29:37,""sedikit masukan, tolong ini aplikasi sangat berat sekali, untuk slider bannernya di minimkan prosesnya, dan untuk skeletonnya sangat berat dan lambat"",3"
"2025-08-21 07:03:59,""aplikasi sangat lemot , baru buka saja lemot , buka uploud photo produk aja lemot apalagi uploud nya , sangat tidak recomendasi"",1"
"2025-08-31 15:58:49,""Alhamdulillah selama ini respon cs ramah dan menanggapi dengan baik setiap pertanyaan atau kendala saya sbg seller. Semoga saja aplikasi ToCo makin lancar sukses dan pelayanannya makin ditingkatkan, menerima setiap kritik dan saran yg membangun, sehingga memudahkan seller dan pembeli berbelanja di aplikasi ToCo. 🥰"",5"
"2025-09-28 03:13:25,""Aplikasi ini benar-benar membantu banget,Cocok buat pemula yang baru mulai jualan online karena tampilannya simpel dan mudah dipahami."",5"
"2025-07-05 06:20:19,""aplikasi ringan dan mudah digunakan, tidak berat kayak aplikasi sebelah, harga produk2nya pun gak kalah murah dengan aplikasih sebelah"",5"
2025-06-17 07:08:46,tolong di pastikan kembali sama pihak kurirnya ya seperti JNE. KEMARIN SAYA KIRIM. kata pembelinya kok Kga di pickup pickup. saya ke pihak JNE untuk menanyakan barang tersebut ternyata ada kendala sama pihak toco dan jnenya.,1
2025-09-06 05:01:47,tolong kasih fitur COD dong supaya pengiriman dari jnt atau darimana tidak menyepelekan keterlambatan kedatangan paketnya,5
"2025-07-05 07:59:53,""aplikasi ini mudah digunakan,memenuhi kebutuhan, cocok untuk UMKM"",5"
"2025-07-23 05:23:00,""semangat buat team toco,era tokopedia shopee sudah di titik jenuh.momentum yang pas kalau toco bisa ambil kesempatan ini"",5"
2025-07-21 11:27:32,tampilan aplikasi lumayan mudah..,5
2025-05-30 01:23:40,bikin fitur live yg mudah kak.. biar aplikasinya cepat berkembang,4
"2025-01-15 07:42:17,""Bagus aplikasinya, cuman emang masih belum terlalu banyak aja kali yah pengguna nya/masih jarang-jarang, soalnya saya liat barang2 yang ada di beranda masih jarang yang terbeli, palingan cuman ada beberapa biji aja (gak tau kalau pembelian di lakukan lewat jalur pribadi).. tapi selebihnya kalau untuk aplikasi nya bagus, cuman terkesan masih sepi aja.."",5"
"2025-01-21 07:24:06,""toco merupakan media platform untuk menjadi enterpreneur, aplikasinya gratis, tidak ada ada bayar sama sekali, dan aplikasinya mudah untuk diakses"",5"
"2025-01-22 03:39:14,""Aplikasi yang sangat sangat membantu seller untuk mengembangkan bisnis nya dan bebas biaya admin & tanpa potongan apa pun, toco keren, semoga bisa jadi bos muda"",5"
"2024-09-18 15:53:09,""saya sudah download dan sudah buka toko di toco.id asli pas upload produk simpel banget udah gitu aplikasinya ringan banget enak,smoga prospek ke depan nya lebih bagus lagi dan pitur"""" nya makin lengkap lagi,sukses trus toco.id"",5"
2025-09-28 02:14:47,insyaalloh toco akan jadi marketplace besar Krn tak membebani seller dgn biaya2 admin..optimis,5
"2024-11-13 04:20:07,""Aplikasi yang sangat sangat membantu seller untuk mengembangkan bisnis nya dan bebas biaya admin & tanpa potongan apa pun, toco keren, semoga bisa jadi bos muda"",5"
2024-12-23 05:03:46,Akhirnyaa lega bgt ketemu aplikasi yang bebas admin.. aplikasi yang mudah digunakan dan selalu memberikan kepuasan kepada sellernya.. lengkap ada fitur komunitas juga lho seru banget.. dan seller juga berkesempatan dilibatkan dalam acara² Toco contohnya pameran² besar yang salahsatunya kolaborasi dengan kementrian perdagangan maupun acara lainnya di mall terkenal ditangerang.. Terima kasih toco Sukses selalu ♡,5
"2025-04-25 07:40:11,""aplikasi ini bagus simpel mudah di pahami ga banyak peraturan hanya saja kurang terkenal ga pernah muncul iklan di media sosial jadi orang banyak yang ga tau. ya mudah""""n saja aplikasi ini bisa terkenal seperti yg lainnya jadi bisa berkembang dan rame pengunjung."",5"
"2025-05-05 01:18:52,""tolong kasih fitur GANTI KURIR untuk penjual dan tambah pengiriman JNE REG/Trucking ,saya yakin jika fitur itu ada pasti banyak peminatnya.. karena aplikasi ini bagus ."",5"
"2025-02-14 08:46:49,""Saya kasih bintang 5 untuk daftar nya mudah penambahan rekening juga mudah,dan sudah dapet sertifikat juga,semoga ini menjadi platform jualan saya yg baru selain shope dan tokped"",5"
"2025-01-28 02:15:39,""Proses Verifikasi foto KTP gagal terus, Sdh saya ulang bebrapa hari yg infonya sehari hanya bisa 3x padahal fotonya sudah jelas banget. Akhirnya saya uninstall saja."",1"
2025-06-08 05:38:56,Mudah di pakai tidak berbelit belit barang yg dijual mulai beragam,5
2025-08-22 03:47:32,cocok untuk pemula yang baru mau buka usaha,5
"2025-04-24 03:27:25,""Sudah buat oko disini, seperti nya bakal banyak seller dr tokped hijrah ke tocp, termasuk saya. Hayooo donk rekrut influencer atau youtuber buat ulas toco, biar byk yg beli di toco jg. Biar tambah rame dan bs jadi mp lokal yg dihandalkan seller2 umkm."",5"
2025-07-21 04:15:27,Cari barang mudah tidak ribet dan sangat fleksibel digunakan untuk mencari barang yang saya butuhkan sangat praktis aplikasi yang sangat membantu saya untuk mencari barang saya inginkan,5
"2025-06-05 05:34:39,""coba aja toco bisa live... mungkin akan rame Kya toko sebelah.... mudah"""" aplikasi nya segera bisa live ya"",4"
2025-07-02 06:54:51,udah upload barang tapi di cek halaman utama gk muncul hadeh benerin lagi ini mah kayak aplikasi beta aja,1
"2025-06-24 12:36:04,""mantul , yg penting no biaya admin. 😁♥️ very nice"",5"
"2024-10-22 16:54:52,""Aplikasi gak bermutu di pencarian cari motor bekas yang keluar dealer semua lokasi sudah di tentukan yang muncul dari provinsi lain,nyesel download aplikasi gak berguna mau kasih bintang satu aja mles bnget"",1"
"2024-08-30 06:19:11,""Keren beneran 0% adminya, disaat mp ijo dan oren makin kesini makin mencekik seller, ternyata ada toco yang meringankan beban seller. Sukses selalu ya toco.id Buat para seller lain yg mungkin baca sekedar insight : MP ijo dan oren di jadikan sarana buat promosi aja, tp checkoutnya alihkan cust ke toco :*"",5"
"2025-04-11 14:10:31,""ayo ramein dong, banyakin iklan biar para konsumen banyak yg tau klo ada marketplace ini. Skrg udh mulai banyak seller yg berjualan kesini, terutama seller"""" dari tokped. Mudah""""an marketplace ini cepat berkembang. Ga perlu banyak bakar"""" uang, cukup adain voucher gratis ongkir aja pasti bakalan rame"",5"
"2025-02-09 16:10:16,""Aplikasi perlu diperbaiki, mau masukan email susah. Tambah produk malah bug. Verifikasi susah. Jarak jasa kirim toko cuma 100km"",2"
"2025-05-23 15:20:17,""aplikasi baru, semoga tambah maju, berkembang,beserta para pedagang dan pembeli di dalamnya👍"",5"
"2025-05-18 12:00:37,""aplikasi masih banyak bug, mohon diperbaiki segera"",4"
"2025-07-07 10:33:20,""Mulai jadi seller dari awal lagi lewat commerce ini, karena platform sebelah sudah jadi tempat pemalakan yang bikin seller merasa dirugikan."",5"
2025-07-29 06:40:42,udah keren tapu belum ada gopay ama fitur gratis ongkir aja.,4
"2025-07-16 13:13:30,""Sempet bingung waktu setting toko,tapi CS-nya sabar banget jelasin step-nya.Jarang nemu CS yang beneran fast respon dan nggak bikin ilfeel.Good job Toco!"",5"
2025-06-30 00:27:38,ayo semakin di tingkat kan lagi..kita saingan dengan si Orange.semua sudah bagus..tinggal Promo teco nya aja harus semakin kencang,5
2025-06-17 04:43:43,banyakin iklan biar aplikasinya lebih banyak dikanal luas,5
2025-07-11 04:20:23,status pengiriman gak update...barang udah dikirim 1hari status di aplikssi belum dikirim...cs di wa dan email kaga ada respon..kacau,1
"2025-05-26 04:05:15,""saya sangat mendukung , ayo tingkatkan lagi masih banyak bug , semoga bisa lebih baik dari hari ini , ayo bersaing dengan oren hijau biru , sukses trus TOCO"",5"
"2025-06-26 07:29:11,""kenapa yaa, mau upload produk terjadi kesalahan terus capekk deh, minta tolong dong min, sistemnya diperbarui lagi biar lancar😥"",4"
"2025-06-05 01:44:42,""perbaiki lagi. sy tes beli suplemen. ada tawaran voucher free ongkir potongan 10rb. pas digunakan gk bisa2, hrs pilih ongkir berbayar. pd saat pilih berbayar,ada tawaran voucher free ongkir potongan 10rb,pas diklik... gk konek. ini apaan sih...🥱"",3"
"2025-07-21 03:43:15,""Aplikasi Mudah dimengerti. Toco ini ada bakat bakalan bersaing dengan ecom besar lainnya, semoga semakin lebih baik lagi"",5"
"2025-07-10 13:59:12,""minus, hampir tidak ada voucer padahal situs belanja tergolong sangat baru, & tidak ada opsi cod"",3"
"2025-08-08 02:55:26,""Website profesional Sangat mudah digunakan, ongkir nya murah,pengunaanya gampang dan mudah di dimengerti"",5"
2025-07-04 11:17:01,tolong dong kak aduh aplikasinya lemot kalo ke fitur toko tolong di perbaiki lagi yaaa ini masukan untuk membangun ya kak semoga toco makin maju,4
"2025-08-12 14:40:37,""So far so good, cuma barangnya gak sekomplit yang lain."",5"
2025-06-03 14:04:24,semoga bisa jd pengganti jd.id dan bukalapak yg bangrut dan bahkan mngkin toped yg mulai redup.,5
2025-08-12 07:41:31,tampilan seperti olx aja sama gak ada gratis ongkir,1
2025-07-25 09:32:10,aplikasinya bermanfaat. tapi di perbaiki lagi biar lebih responsif,5
2025-06-16 18:46:20,kurang satu bintang aja belum ada promo yg buat tertarik untuk jual atau beli di toco😅😅😅😅😅,4
"2025-07-08 13:47:57,""Terbaik untuk seller, diantara semua market place sekarang ni"",5"
2025-11-03 01:36:08,Saya migrasi dari tokohijau ke tokokuning....,3
2025-10-17 14:20:00,bagus adminnya kak,5
2025-06-18 21:25:14,ternyata lari ke sini semua seller tokped yang bagus bagus 😹 saya tes ternyata bagus juga ni aplikasi,5
2025-06-14 23:17:54,Keren semoga semakin meningkat dan bisa bersaing 👍👍,5
2025-10-11 08:51:57,fast respon buat admin all item ada,5
"2025-10-12 04:07:22,""CSnya gerceep, pesanan 5 hari ketahan di seller gak di kirim kirim. hubungi CS by wa 5 menit langsung selesai masalahnya🔥"",5"
2025-10-13 06:41:32,aplikasi ini cocok untuk pemula yang ingin berjualan online,5
2025-08-29 02:44:50,👍🏼walau apkny banyak error TPI adminnya untung responsif,4
2025-07-11 04:48:39,mudah dan gak ribet nih aplikasi moga bisa jadi pengganti toko ijo dan Oren,5
2025-06-24 05:00:19,kelamaan loadingnya click sekali aja nunggu bisa 10 mnt,1
2025-07-16 11:24:02,gak bisa jualan produk ngestuk di pendaftaran Mulu padahal semuanya udah lengkap,1
2025-06-18 02:34:44,aplikasi maupun websitenya lemot kali . mau ngubah kategori susah dan proses aplikasinya lemot kali,3
2025-06-12 08:10:02,nice! mudah dan praktis di gunakan.,5
2025-08-18 07:58:16,kalo udah ada fitur NIGHT MODE aku ganti bintang 5,1
"2025-08-29 12:24:14,""udah bisa ka, adminnya ngebantu bgt ❤"",5"
2025-08-15 16:02:43,Semoga berkembang & banyak promo,5
2025-08-21 07:31:53,APLIKASI NYA LEMOT PARAH JARINGAN WIFI/DATA PADAHAL KENCANG MOHON PERBAIKI BOSKU,3
2025-08-19 03:58:14,bagus semoga menyalip orange,5
2025-10-04 08:28:50,mantap APK TACO nya admin respon baik terimakasih,5
2025-10-10 09:48:24,admin baik hati dan tidak sombong,5
2025-08-22 03:34:56,aplikasi bagus saya jadi mudah jual beli,5
"2025-08-22 03:25:22,""aplikasi yg bagus,, cocok untuk saya"",5"
2025-09-13 14:43:52,Sekarang semakin bagus.. Mantab,5
2025-10-09 14:22:41,The Best Marketplace saat ini di Indonesia,5
"2025-08-18 04:07:54,""server lemot, padahal internet stabil ."",1"
2025-10-10 12:43:54,aplikasi nya bagus untuk jual beli online,5
2025-10-14 16:21:55,baru tau aplikasi ini ternyata bagus dan lebih simple dengan fitur terupdate. belanja jdi lebih mudah,5
"2025-11-03 10:57:30,""Jangan Coba2 Belanja di Aplikasi Ini. Barang yang di pesan ga sesuai, mw retur aja ga bisa."",1"
"2025-10-13 08:08:44,""cocok banget ni buat yang baru mau terjun jualan online, fiturnya lengkap dan mudah dipahami"",5"
2025-09-15 05:17:29,platform resmi jual beli yang sangat di percaya tanpa biaya admin,5
2025-09-28 03:24:46,cocok untuk pemula yg merambah bisnis online dg potongan admin yg ringan serta ditambah pelayanan drop off dan pick up tanpa repot-repot mengirim ke ekspedisi,5
2025-10-21 03:44:08,Bagus banget apk ini bisa beli produk apapun yang saya mau dan harganya juga Affordable murah banget,5
2025-10-14 06:53:00,cocok banget nih aplikasi buat pemula..aplikasinya simple gak ribet sama sekali,5
2025-05-22 07:49:48,Baru pakai overall bagus mantap dan menarik,5
"2025-08-26 15:47:33,""masukan buat Toco. bikin fitur """"toco video"""" atau """"toco affiliate"""" biar dengan sukarela disebarkan apk toco & seller dibantu penjualannya sama affiliate, selain itu bakal berbondong2 pada daftar jd affiliate"",5"
2025-06-01 02:22:03,semoga berkembang dan makin laris penjualan nya .semakin sukses berkah aplikasi kuning 🫰🏻🥰 aminn,5
"2025-07-16 14:44:59,""smoga bsa jd pengganti tokped n aturannya gk ribet n terlalu ketat kyk tokped, jual barang bekas dsni moga lancar..."",5"
2025-06-02 19:48:57,Mohon tambahkan fitur preorder untuk membantu pengrajin umkm🙏🙏🙏,5
2025-06-28 13:36:35,Toco sangat membantu dan bebas biaya admin seumur hidup wuoooow kereeen. Toco sangat mudah digunakan. Toco tempatnya jual beli nyaman dan aman,5
2025-07-15 00:26:25,Saya baru bergabung dengan Toco. Mudah-mudahan bisa berkembang dan lebih ramah ke seller dan pembeli. Toco the future of Indonesia market place.,5
"2025-05-26 04:54:21,""saran aja tambahin kyk mall nya gitu, trus tambahin verifide toko nya,biar kita tau itu toko ori atau bukan,ty"",5"
"2025-07-24 13:10:15,""buruk gak ada fitur COD nya aplikasi sampah , gini kok mau nyaingi Shopee"",1"
"2025-06-23 09:00:13,""adem liat tampilan Toco ini, baru pasang iklan mobil di classifiednya"",5"
"2025-07-05 06:07:09,""cs nya sangat membantu banget, seneng berjualan disini!"",5"
2025-06-12 18:47:56,tolong perbaiki sistemnya yg kurang responsif,5
"2025-06-26 15:42:43,""wah mantap nih udah 100 rb lebih aja yg download, semoga makin sukses dan gencar promo ke masyarakat, toco bener bener ramai yg pembeli dan yg jualan senang."",5"
"2025-05-15 03:15:35,""Sudah bagus, jangan mau kalau diajak gabung apk Joget 🔥🔥"",4"
2025-06-30 13:00:18,cari mobil tamiya...kluar nya out off topic smua pas nyari urutan yg termurah...gagal paham sma searchcing ny😹,1
"2025-06-04 21:58:06,""gk ada niatan buat bikin program affiliasi, bikininlah min"",3"
2025-08-07 22:12:53,Harusnya dipisah nih aplikasi buat penjual dan pembeli,4
"2025-06-25 07:13:14,""Verifikasi ktp sudah berhasil terima kasih admin toco, lanjut jualan lagi sjika pendaftaran rekening bank berhasil, skrg masih on proses"",5"
"2025-05-29 04:57:48,""ayo ramai2 pindah ke toco, marketplace hitam dan shope udah diluar nalar potongannya"",5"
2025-06-19 06:29:59,waspada hati2 dengan mengiming2i kalo tidak ada bukti pembayaran via cod mah bisa terjadi picu penipuan dll mendingan ke marketplace fb Carousel sope lite olx bebas cod gk sprti Toco ..ribet apk baru tidak ada mode cod nya payah toco,1
"2025-05-30 14:18:25,""verifikasi susah👎. dari pagi sampe sore, cuma nungguin verifikasi doang. taikk.. tapi it's ok lh, menghargai aplikasi lokal. ku naikin bintang 4"",4"
"2025-05-30 22:15:56,""saya percaya kalo toco kedepannya bakal rame, jadi saya sangat minta tolong, kalau sudah rame jangan aneh aneh kek sebelah🙏🙏"",5"
"2025-07-01 18:06:41,""Ongkir Mahal 60Rban, Barang Juga Ga Lengkap, Coba Kolaborasi Ama Brand Besar"",2"
"2025-07-05 04:37:27,""lelet, gagal, crush Mulu. bikin malas buka upload di nih aplikasi"",1"
2025-07-15 06:35:56,Bismillah semoga aplikasi ini tetap konsisten bagusnya :),5
"2025-06-02 16:38:37,""tolong ditambahin mode hitam dong, seperti Tokopedia, biar enak pas scroll² gk pedes ke mata..."",4"
2025-07-14 16:36:28,semoga toco ecommers rame. app buatan anak bangsa Harga lebih murah mudah dan bisa mengakat perekonomian indonesia.,5
2025-08-06 13:40:07,semoga kedepan nya ada layanan COD...nambah biaya layanan sedikit ga masalah yang penting semua layanan tersedia,5
"2025-07-16 12:53:52,""pelanyanan lambat sangat buruk. saldo saya dari 19 juni sampai sekarang belum cair ,parahhhhh"",1"
2025-07-25 12:40:19,toco sangat membantu untuk kami sebagai penjual. semoga kedepannya semakin bagus ya.... cs nya manusiawi banget,5
2025-06-01 15:05:24,ayo toco besarlah dan jangan mau di jajah luar negeri semangat banyakin iklan ka biar rame penggunanya karena sekarang apk yang lain sedang nyusahin seller .peluang emas mengambil hati para seller ka,5
"2025-07-31 15:05:19,""udah bagus sih, cuma diaplikasi saya kok gak bisa buat kasih ulasan . udah itu aja selebihnya bagus"",4"
2025-08-08 08:59:19,tolong dong saya sebagai seller kenapa ya setiap buka fitur apa aja slalu loading lama bangetttt,1
"2025-07-30 04:58:08,""Aplikasi ringan, bisa jual barang bekas dari rumah aja!"",5"
"2025-08-07 14:42:16,""semoga bisa menjadi the next Tokopedia, kalo sudah mirip2 sistemnya saya tambah bintang nya"",3"
2025-07-15 13:02:45,saya baru buka toko di Toco.. sy yakin toco akan berkembang luar biasa.. tolong dibantu & di jaga toko DZ Store Gudang Komik ya ka😊,5
"2025-06-06 04:45:44,""4 bintang dulu, mungkin ini bisa jadi pengganti toko ijo yang mulai digeragotin saham asing dari Singapura, pembuat aplikasi perusak generasi bangsa (bytedance, TikTod)"",4"
2025-06-20 16:07:22,keren cukup membantu karena tanpa komisi,5
2025-06-06 17:44:01,mantap uda ada transaksi jualan di sini. uda nggak usa ambil pusing para seller pindah saja di sini.,5
2025-07-05 07:53:44,masih banyak bug nya nih min,3
"2025-07-01 09:24:37,""Cs-nya tidak ada feedback, tolong perbaiki cs-nya"",1"
2025-08-08 10:22:40,Aku sudah mulai jualan di toco. Silakan cek toko saya. Awal yang baru jualan di toco dan keluar dari toko orange sebelah yang tamak dan memeras seller. Semoga toco mendukung umkm lokal dengan persahabatan.,5
2025-07-12 09:47:44,aplikasi murahan sering erorr ga jelas niat ga sih bikin aplikasi,1
2025-07-21 03:45:38,penjualan nya lengkap dan gratis ongkir,5
"2025-05-28 04:54:48,""moga dg toco semua keluhan penjual juga diurus betul betul dan moga toco ini kedepannya bisa bersaing dg yg lainnya ,yuk mulai lah lagi"",4"
2025-09-27 01:56:23,saya susah daftar ini,5
2025-05-31 12:56:42,sampah. lemotnya gak ketulungan. nyari barang sushnya minta ampun. jangan kebanyakan jual barang second deh,1
"2025-06-07 20:03:56,""Buatkan fitur Live Streaming dong. Biar makin semangat jualannya, sebelah mulai galak 😭"",5"
"2025-07-18 18:35:22,""belum ada penjualan toko aku , beda sama app sebelah tiap hari ada saja yng cek out"",2"
"2025-09-14 16:13:30,""Toco gak asik, padahal saya jualan sudah amanah, karena ada Pitur diskusi orang"""" Yang Iri malah Ngomong Penipuan padahal saya sudah amanah saran saya mending hilang kan Pitur diskusi"",1"
"2025-09-18 02:41:13,""Sangat Bagus!!,Cs Responsif dan Aplikasi Ringan serta mudah digunakan, Memudahkan orang-orang yang baru memulai usaha👍🏻"",5"
"2025-08-22 03:42:39,""Fitur Terupdate Buangetttt Bener2 update banget ini apk, mau cari apa aja ada semua disini, serba mudah deh pokoknya"",5"
"2025-11-01 04:26:34,""ini aplikasi gmn sih? mau tulis alamat error terus, giliran berhasil mau pilih pengiriman gagal terus. bisa di pakai apa tidak sih ini aplikasi?"",3"
2025-06-11 05:56:28,Coba di Adain program referal supaya nambah banyak pengguna,5
"2025-09-08 23:29:25,""nge-bug. gakbisa buka toko, tampilan gak enak dan jelek banget."",1"
2025-05-27 06:21:03,masih sulit untuk verifikasi KTP gagal terus & respon admin nya lama pertanyaan saya belom di jawab sampe saat ini,1
2025-02-07 05:42:27,bagus sangat membantu sekali utk menjual produk2 saya... pemasangan iklan jg sangat mudah.. apa lg gratis wkwkwkwkwk,5
2024-11-19 04:22:54,Aplikasi yang bagus dengan biaya admin 0Rp dan memudahkan untuk penjualan dengan tidak ada perbayar masa tayang,5
"2025-03-25 04:06:20,""Sebenernya aplikasinya bagus tapi sayang kurang terkenal, banyak orang yg ga tau dan ga pernah muncul iklan di media sosial"",5"
"2025-01-21 07:03:00,""aplikasinya bagus banget, ada rutas (ruang komunitas) jadi kita bisa ngesharing disana!!"",5"
"2025-03-19 03:12:42,""saya pengguna baru berjualan di sini mudah dan bnyak gratisnya untuk operational, ini membantu banget buat sekelas pedagang kecil seperti saya"",5"
2024-11-13 07:24:05,Aplikasi kasi yang bagus dan mudah di gunakan untuk berjualan dan berbelanja barang online dengan nol biaya admin,5
"2024-10-23 05:02:35,""aplikasinya sangat mudah digunakan, g ribet, jadi gampang jualan, gampang dapat cuan. thank toco"",5"
2025-07-27 23:23:55,perlu Banyak Update : Masa Transfer minimal 100rb?,3
2025-01-22 03:36:52,Aplikasi toco ini sangat mempermudahkan orang orang yang bekerja di rumah saja dan aplikasi nya juga mudah untuk di gunakan,5
2025-10-27 23:26:57,semoga terus berkembang toco,5
2025-07-16 23:41:44,yuk bisa yukk .. kalo udah gede jangan lupa asal muasal ya!,5
"2025-05-18 16:15:02,""Saya penjual yang pindah dari tokped ke toco, marketplace toco jauh lebih mudah dipahami daripada tokped sekarang yang bergabung ke tiktokshop"",5"
2025-07-16 09:38:20,Sedia kurir Cargo JTcargo atau JTR. karena saya jual kursi kantor. kyk seller shope dan tik tok shop. min. Sya mau jual ngak bisa karena ngak ada kurir cargo. terima kasih,5
2024-06-10 12:15:10,Toco Sangat bagus ..sangat membantu UMKM pemula seperti saya semuanya gratis...terima kasih TOCO. semoga kedepan semakin.banyak yg menggunakan Aplikasi TOCO.untuk jual beli online,5
2025-11-01 08:30:07,semoga untuk properti nya bisa lebih baik lagi dan banyak orang mencari properti di toco amin,5
2025-08-21 05:15:57,KURANG EDIT MASAL UNTUK PRODUK,5
"2025-08-13 19:36:55,""Menarik. produk nya gk kalah murah, bisa cod juga"",5"
"2025-07-05 06:30:54,""cs sangat responsif, baguss bgtttt"",5"
"2025-05-28 07:28:40,""server lambat, ini kritis dan penting. butuh perhatian"",3"
"2025-07-19 14:45:43,""SEMOGA TOCO RAMAI PEMINAT, SUMPAH INI APK BENER-BENER KEREN BANGET, SANGAT MEMBANTU PARA SELLER DAN PEMBELI, TRIMAKASIH TOCO"",5"
2024-09-10 04:50:36,Saat saya ada di TOCO saat ini saya merasa tambah plikasi dan kominitas yang punya nilai lebih semoga lancar usahanya dan berkah,5
2025-08-28 08:04:44,masih perlu banyak perbaikan masih lemot kadang saat loading,5
"2025-07-05 07:37:11,""Aplikasi ringan di gunakan bagi pemula, cs responsif dan sangat membantu. memenuhi kebutuhan."",5"
"2025-07-30 04:03:15,""aplikasi ini bagus banget si , terus ada Diskon ongkir panel juga ngedukung produk lokal lagi terimakasih toco"",5"
"2025-06-24 04:50:04,""Aplikasi dan Web nya Lemot juga kadang error , tolong segera diperbaiki"",5"
2025-07-05 06:47:00,aplikasinya ringan sih enggak memakan penyimpanan banyak oy boleh lah aktifin fitur COD biar enak gitu belanjanya,5
"2025-05-26 04:12:56,""Sulit sekali mengakses melalui web seller, selalu """"terjadi kesalahan sistem, coba periksa koneksi internetmu atau muat ulang halaman ini""""."",1"
"2025-07-30 04:47:53,""platform jual beli yg mendukung produk lokal,harga produk² nya juga sangat terjangkau dan banyak pilihan produk yg dijual , serta gratis admin berjualan bagi penjual.dan platform ini juga menyediakan fitur untuk sharing komunitas memudahkan pengguna nya untuk berinteraksi mencari informasi dan mengadakan acara,csnya pun responnya cepat dan ramah terhadap pengguna"",5"
"2025-06-01 01:36:52,""dear toco, jika kelak sudah jadi perusahaan besar tetap rendah diri yaa.. tetap memperhatikan kenyamanan customer dan seller jangan seperti beberapa marketplace lain😉"",5"
"2025-07-01 15:50:19,""kak tlong dibuat biar bisa gratis ongkir rp.0 dong kak, biar mudah untuk belanja dan tolong ditingkatkan biar ga ngelike.."",2"
"2025-07-30 04:18:47,""aplikasi toco jual dan beli mudah di gunakan ,tidak ribet murah dan sangat amanah"",5"
2025-07-05 07:38:47,aplikasi udh bagus tolong di perbaiki masa wailist GK bisa nanti kalau sudah benar ksih bintang 5,3
"2025-08-08 02:27:16,""mantap kak, Aplikasinya ringan dan mudah digunakan. overall semuanya udah keren😎"",5"
2025-07-14 03:37:44,semoga jadi lebih baik dan makin banyak penggunanya. dan jangan kayak tokped yang kini di kuasai kegelapan.,5
2025-07-05 06:20:06,Enak ini Aplikasi ringan dan mudah digunakan untuk yang kompatibel sangat enak dan lancar,5
"2025-08-08 04:14:57,""toco hadir sebagai solusi digital yang ringan dan ramah pengguna. Fitur panggilan langsung ke customer service sangat membantu, terutama bagi pengguna yang butuh respon cepat."",5"
"2025-06-12 17:22:27,""yuk di tingkatkan lagi supaya nggak bug yuk, semangat min."",5"
"2025-07-30 05:00:15,""Aplikasi paling mantap, Banyak diskon ongkirnya dan besar2 dari PAXEL."",5"
2025-06-05 04:10:21,Tolong Tambahin Metode Pembayarannya via Indomaret Dan Alfamart agar mudah Belinya 😃👌,5
"2025-07-30 04:44:38,""sangat puas pake toco, sangat memudahkan saya mengirim barang dan harganya sangat terjangkau"",5"
"2025-06-08 15:01:06,""apk nya bagus sih aku suka ,plis min biar ada affiliate nya,pasti bkal rameee😍🥰"",5"
"2025-07-30 04:25:32,""toco sangat mudah dipahami, iklan produknya bagus dan gratis."",5"
"2025-06-24 02:27:28,""keren,simple,mantap dan no iklan murah banget"",5"
"2025-06-01 03:52:36,""buka toko belum ada pembeli, karena orang tidak tahu ada TOCO, dan bingung apakah ini pesaing Marketplace Oren atau OLX"",1"
"2021-09-06 20:19:02,""Upload berkali2, komplen berkali2, gak ada hasil masih aja gak muncul jualan nya. CS ngomong itu2 aja, uninstal drpada emosi"",1"
2025-10-22 06:41:07,onwer nya keren,5
2025-09-28 03:04:10,aplikasinya bagus banyak barang bagus dengangan harga yang terjangkau,5
2025-09-15 05:14:36,aplikasi nya ngebantu banget udah gitu mudah banget buat digunain makanya aku kasi rating lima hihii,5
2025-06-03 23:41:47,bagus👍👍👍 semoga bisa menyaingi yang lain seperti toko Oren ataupun toko hijau dan toko ungu,5
2025-06-01 08:04:46,bintang 4 dlu ntar bintang 5 nya nyusul pas udah ada fitur afiliate heheh,4
"2025-06-21 09:02:35,""ane kasih bintang 3 dulu, Kalo dah rame ane naikkan jadi bintang 5."",3"
"2025-06-26 02:41:19,""aplikasi sampah, lelet banget. pake server abal abal kah..??? kaya aplikasi pemerintah bae.."",1"
"2024-10-23 01:48:35,""Aplikasi bagus, menjalankan bisnis jd mudah, trus berkembang dan maju toco"",5"
"2025-06-25 15:39:19,""suka banget sama aplikasi toco gratis ongkir dan free admin, semoga membantu buat jualan kami"",5"
"2025-07-19 19:27:23,""pelayanan yang sangat fast respon, semoga cepat berkembang pesat"",5"
2025-09-28 12:24:58,belum bisa cod,4
2025-11-04 01:42:51,user friendly gak ribet ketika mau jual hexohm,5
2025-05-29 17:11:58,Semoga toco kedepan Makin terkenal dan tetap bersahabat bagi seller. sudah lelah dgn apk seller yg lain makin ribet potongan gk manusiawi.mencekik,5
"2025-05-26 21:34:14,""Assalamualaikum min, Tolong segera di aktif kan metode cod nya min"",5"
"2025-06-24 10:27:04,""kurang pintar aplikasi.a....saya cari kaos pri yg muncul malah topi,kacamata,sepatu,dll....seharus.a kan yg muncul cuman kaos pria saja..🙄"",1"
2025-09-28 03:12:13,Keren banget aplikasinya,5
"2025-04-30 12:00:17,""tidak bisa cancel pesanan, seperti apk lain. padahal ingin merubah alamat pengiriman."",1"
2025-06-02 07:14:04,tambahin fitur salin produk ya kak buat seller,5
2025-08-20 02:25:40,Buat jualan live streaming dung kak. biar bisa jualan disini.,5
2025-07-05 06:19:35,apk sangat bagus dan membantu,5
"2025-06-21 19:57:54,""Tolong dipromosiin terus, brand ambassador biar makin rame pembeli nya"",5"
2025-07-23 08:32:33,kacau aplikasi ini terlalu bertele-tele uang ku hingga skrng mereka GK transfer ke rekening ku. klo dikomplain tentang kapan di TF rekening ku. selalu ada alasan. SDH seminggu uang ku GK cair cair. padahal persyaratan jadi anggota SDH clear smua. buat pengguna ato seller baru mending GK usah pake aplikasi ini. dan mikir 2x dr pada jadi ribet urusan dgn toco GK jelas👎,1
2025-05-30 16:31:37,namnya juga masih perkenalan masih butuh perkembangan .. semangat ya co .. yg penting gak nyeleneh si ... jangan terlalu menggebu2 kasih promo ini itu ntr kek yg udah2 gak karuan,5
"2025-02-03 10:54:42,""Udah daftar tapi gak bisa tambah rekening, jadi ragu ntar dana penjualan tarik kemana"",3"
2025-11-04 05:17:54,baik aplikasi aman,5
"2025-05-25 06:46:25,""kita Coba buka toko disini, Mudah-mudahan Rame pembeli dan Penjual di aplikasi Toco."",5"
"2025-05-22 11:28:47,""respon admin sangat lambat , bagaimana cara membatalkan pesanan ????"",3"
2025-08-01 15:46:51,bagus semoga bs bertahan tanpa biaya admin,5
"2025-08-08 02:32:15,""Oke banget, CS nya ramah. Mudah memakainya. Kereennn"",5"
"2025-07-28 04:30:54,""Bagus, terus kembangkan seperti toko Oranye"",5"
"2025-10-20 05:46:25,""Toco merupakan aplikasi yang dikembangkan dengan baik, dengan antarmuka yang intuitif dan performa yang stabil. Fitur-fiturnya relevan dengan kebutuhan pengguna modern, dan pembaruannya juga responsif terhadap masukan pengguna. Sangat direkomendasikan bagi siapa pun yang mencari solusi digital yang efisien dan mudah digunakan"",5"
"2025-08-08 04:44:44,""aplikasi yang mudah di gunakan, dan tidak ribet suka banget"",5"
"2025-06-05 17:37:54,""ayolah cari investor kek, promosi kek buat cari pembeli. kalau gini gini aja, ya bakalan gini"",5"
"2025-07-21 03:36:38,""Aplikasi ini sangat memudahkan saya mencari barang yg saya inginkan,sangat bagus pokoknya kebantu bangetttt"",5"
2025-07-17 15:04:52,yahh..meskipun Aplikasi baru tapi lumayan worth it sih...keren semangat terus min.,5
2025-07-21 03:28:58,bagus banget saya menyukai nya terimakasih banyak,5
2025-07-05 06:06:09,semoga jadi marketplace lokal yang membanggakan indo,5
2024-11-26 04:21:19,aplikasi nya sangat bagus sekali dan pemilihan produk nya juga beragam dana sangat sesuai dengan kebutuhan,5
"2025-01-21 07:04:16,""Toco adalah aplikasi jual beli yang benar-benar memudahkan transaksi online, membuat pengalaman belanja menjadi cepat dan nyaman."",5"
"2024-11-26 04:44:39,""Aplikasi ini sangat membantu saya untuk belajar berbisnis, semoga toco terus berkembang kedepannya"",5"
"2024-09-04 03:55:24,""Thanks TOCO, atas sharing pengetahuan nya, semoga banyak yg upload app ini untuk meramaikan umkm"",5"
"2024-09-10 04:27:29,""Dengan kegiatan ini sangat membantu untuk mempromosikan produk saya, dan lebih membuat produk menarik, terima kasih toco, keren deh !!!!🙏"",5"
2024-11-19 04:17:26,Menurut aku bagus banget sih apk nya tanpa biaya transaksi top banget bakal beli online di sini,5
"2021-03-29 08:23:38,""Aplikasinya ok, semoga buka maps bisa di hubungkan dgn apliasi maps biar bisa menuju toko offline...sukses buat toco"",5"
2021-04-08 02:20:14,Aplikasi pasang iklan sangat mudah dan cepat Dan yang pasti gratis pasang iklan,5
2021-08-31 13:56:26,Tidak bisa membagikan iklan Ayo di perbaiki dan di kembangkan lagi jangkauan iklannya 🙏,1
"2025-02-10 10:08:15,""Aplikasi toco ini bagusss cara menggunakan nya juga mudah , pelayanannya the besstt , adminnya responsif,ramah pula 👍👍👍👍👍"",5"
"2024-08-27 03:13:33,""Kerennn bagus jadi lebih gampang dalam penjualan barang"""" yg dipasarkan...terima kasih"",5"
"2025-04-21 01:29:03,""Semoga bisa jadi MP lokal baru yg bisa lebih besar dari TP atau SP, aplikasi ringan dan ringkas"",5"
2024-11-19 08:05:42,Sangat bagus untuk generasi gen z karena bisa mengajarkan cara berjualan terhadap anak muda sekarang,5
2025-01-22 03:34:05,Keren memotifasi untuk berjual online tanpa modal dan sangat menarik,5
"2024-12-23 05:40:06,""Aplikasi market place keren, bebas biaya admin lagi, ga nyekekk selleerrr👍👍"",5"
2024-09-04 03:55:09,Aplikasinya mudah di gunakan dan bermanfaat untuk memasarkan dagangannya,5
"2024-08-27 03:18:29,""Marketplace yang friendly user, suka banget pake aplikasi jual beli online ini, bisa jualan produk baru maupun second... Love it..."",5"
2024-11-20 04:19:37,Untuk aplikasinya sangat berguna karena berbentuk komunitas serta tidak ada fee aplikasi,5
2024-11-26 07:54:17,Aplikasi yang sangat berguna dan bagus karena bebas biaya admin dan terjangkau,5
2024-09-10 04:23:38,Aplikasi transaksi dengan transaksi secara gratis dan juga beriklan gratis tanpa biaya admin,5
"2024-10-28 16:15:53,""Untuk aplikasi nya sudah oke banget, tinggal penambahan fitur COD nya."",5"
"2024-11-19 04:17:35,""Aplikasi marketplace yang sangat efektif dan user-friendly, dirancang khusus untuk membantu pemula memulai dan mengembangkan usaha mereka dengan mudah."",5"
"2025-07-02 13:51:59,""sistem eror tambakn produk sllu hilang, dan admin toco kurang respon blm jam 20.000 sdh gk respon lg sgt kecewa tdk bs menyelesaikan mslh"",1"
"2025-04-25 11:56:59,""aplikasi nya simple dan juga ramah buat seller produk v4pe, cus yang lagi cari2 produk V4pe (device, CT, Lik, C0il, Kapas, dll) bisa pindah cari nya disini"",5"
2024-11-26 04:27:06,Aplikasi ini sangat berguna dan sangat menguntungkan bagi kita para penjual karena dapat menjual produk tanpa dikenakan biaya admin,5
"2024-09-04 04:11:12,""Apl nya lengkap, cepat, sat set, ga pake ribet..👍👍👍"",5"
"2024-11-13 04:34:32,""Toco ini sangat membantu saya dalam menjual berbagai jenis produk. Produk yang saya jual menjadi lebih menarik karena saya menjualnya di Toco, sehingga menciptakan pengalaman baru dalam dunia marketplace."",5"
2024-11-20 04:36:10,aplikasi yang sangat bagus untuk pemula karena mudah untuk digunakan,5
2024-11-18 07:02:52,Agak ribet pas cetak resi ga bisa di ubah ke ukuran a5,3
"2024-11-26 04:29:13,""Aplikasi yang saat membantu seller untuk mengembangkan bisnisnya, bebas biaya admin. Mantappp"",5"
2025-07-09 11:19:48,saldo refound lama masuknya ga ada kejelasan admin toco jugaa susah dihubungi 🙏,1
2025-06-17 14:48:26,SAYA SALAH SATU YG KECEWA DARI TOKO IJO. PENGEN PINDAH KESINI DITOKO IJO JUAL BARANG RIBET MINTA AMPUN,5
2024-11-19 04:20:00,Aplikasi nya simpel dan mudah di pahami oleh para pengguna,5
"2025-06-03 15:13:21,""masih sepi, coba bikin program Referal, dan affiliat dijamin rame poll"",5"
2025-07-04 01:10:08,ini aplikasi ciplak tapi verifikasinya susah amat...,2
2025-07-01 15:23:08,semoga makin lebih berkembang lagi apk ini,5
2025-07-19 13:40:58,ini aplikasi jangan sampai di jual kayak Tokopedia,5
"2025-10-01 00:51:29,""mantap, cuma sayang akun dari 2024 baru menjual produk di tahun 2025 😌"",5"
2025-06-09 16:14:51,halo kak saya mau tanya saya mau upload video jualan saya kok ga bisa yaaa bisanya cuman foto saja?,3
"2025-05-30 03:47:00,""update Lagi servernya, masih lemot banget, plis ditunggu yaa"",5"
"2024-12-08 08:32:33,""Upload produk hmpir 200 produk, udah capek2 edit fto, eh tiba2 smua produk di hapus👎, gimana mau jualan😅, jujur aj kalo begini cara kerjanya ga bakal bisa bersaing sma tokped, Shopee dan tiktok"",1"
"2024-11-26 04:24:20,""Aplikasinya bagus dan bermanfaat bagi penjual, wajib download."",5"
2025-08-10 16:29:21,mau daftar toko tapi tidak bisa geser titik GPS dan search alamat,4
"2024-08-29 03:46:37,""Aplikasi keren ,lebih mudah menjangkau pasaran"",5"
"2025-02-10 14:07:11,""Awalnya ada kendala dalam verifikasi, Alhamdulillah dibantu admin TOCO & berhasil. Terima kasih"",5"
2024-08-29 03:43:07,Sangat bermanfaat untuk meningkatkan omzet penjualan,5
"2025-07-05 06:31:05,""""""Diskon ongkir Paxel memang sangat membantu, pengiriman jadi lebih murah dan efisien, worth it banget!"""""",5"
2024-09-03 04:11:33,Aplikasinya sangat mudah dimengerti dan digunakan,5
"2025-09-11 16:29:25,""keluar keluar terus, ga jelas"",1"
2025-06-18 17:02:15,cetak label lama banget ya. udah nunggu 24 jam lebih masih di proses mulu.,3
2025-01-21 07:02:04,Aplikasinya sangat bagus dan membantu untuk membeli barang Bismillah laptop,5
2025-10-09 03:00:47,Tampilan bagus.. sayang belum bisa COD...,5
2025-09-05 11:27:23,pencairan lama harus nunggu 3 hari,1
2025-08-04 12:34:11,Sangat baik dan membuat angin segar di Indonesia,5
2025-06-16 06:07:35,Tampilan enak simple semoga semakin rame,5
"2024-09-04 04:11:31,""Aplikasinya sangat bagus,cepat jeda interface"",5"
2025-10-20 05:24:25,Saya suka banget pakai aplikasi ini buat jualan produk skincare dan lain-lain saya ini ya,5
2024-12-26 16:53:51,Beneran gratis ga ada potongan ... rekomendasi tinggal develover iklan di TV biar dikenal masyarakat,5
2025-06-22 15:49:39,ka mau dong aku jadi afiliate nya udah bisa belum ya,5
2025-06-24 14:14:23,saya uninstall...verifikasi selfie dari maghrib sampe isya 2 jam gagal terus,1
2025-05-29 11:14:57,next nya semoga ada layanan gratis ongkir untuk kurir JNE dll nya,5
"2025-06-15 17:45:58,""ayoooo bisa yoooo, iklannya yg getol biar masyarakat Indonesia makin tau"",5"
2025-07-02 01:03:44,moga selalu bebas admin dan web nya lebih cepat,5
2025-06-24 18:28:58,sangat Mudah Dipahami Aplikasinya,5
"2025-07-22 10:38:34,""coba bikin gratis barang buat pengguna baru sekalian narik pelanggan baru dwonload kak ,"",5"
"2025-07-04 12:09:05,""Semoga ada progam affiliate nya , saya tunggu itu , terima kasih"",5"
"2025-06-28 11:29:40,""Toco aplikasi penjualan sangat menbantu UMKM lebih maju, sukses selalu ya Toco.."",5"
"2025-07-16 11:35:09,""cs nya ramah sekali, aku tanya ini itu di jawab dengan sabar"",5"
"2025-05-29 17:21:15,""lemot sekali padahal pakai wifi,😌"",5"
"2025-06-25 15:44:31,""menarik denger2 dari kawan, next mau coba juga dngg"",5"
"2025-06-08 03:06:20,""kata orang-orang di fesbuk mirip sama toko ijo yang lama, coba dulu deh"",5"
2025-06-01 16:00:23,saya mau masukin produk error terus ya min 😭,4
2025-07-18 01:03:53,JNE JTR adain dong kak jangan yang reguler aja,5
2025-06-20 08:24:20,saya dari kemaren blom di respon sama admin nya gimana nih,3
2025-06-05 08:00:15,saya dukung toco agar bisa menjadi marketplace unggulan lokal,5
"2025-06-23 15:36:55,""Lagi order di toco, baru ngeh ada market place ini"",5"
"2025-06-05 05:28:00,""saya seller pindahan dari KokPed, semoga berjodoh dengan toco"",5"
2025-06-26 02:22:24,Banyak bug anjirr kesel bgt,1
2025-06-08 11:34:11,mau nyobain ah jualan di toco smga laris manis....,5
"2025-06-07 06:37:20,""baru download, belum ada jasa kirim cargo ya?"",5"
"2025-06-04 09:00:20,""bismillah. baru nyoba download,smoga lancar aamiin"",5"
2025-05-29 22:56:04,ninggalin jejak dulu👣 kabarin kalo udah rame👪,5
2025-07-23 10:37:02,pengiriman tidak work it. kargo tak ada,1
2025-05-30 10:51:07,sudah bisa copy resi gak min?,5
2025-07-04 11:13:11,rekomendasi pokoknya mantap betul gas pooll,5
2025-06-30 02:18:08,Toco sangat membantu saya dlm jual beli,5
2025-06-04 10:51:27,cari game ps5 masih jarang ada,5
2025-06-12 17:34:53,saya baru coba jualan..mudahan bagus rejekinya disini,4
2025-06-05 04:53:36,bismillah dilancarkan usaha di aplikasi ini,5
2025-06-11 05:02:48,semoga bisa berpihak ke seller,5
2025-07-17 13:28:11,semoga toco semakin dikenal luas...,5
2025-06-23 04:55:33,jualan tanpa ada potongan admin.. di sini tempat nya.,5
2025-06-16 11:23:15,Aplikasi yg bagus support AI,5
2025-05-31 14:45:44,mempermudah beli dan jual barang,5
"2025-07-30 04:35:52,""apa yang saya cari ada disini, saya dapet gratis ongkir, dan dukungan produk lokal"",5"
"2025-08-09 12:35:31,""mau mulai jadi seller,semoga bisa membantu"",5"
2025-05-29 14:00:13,semoga bisa memberi Gratis ongkir ke pembeli dan RETUR COD JANGAN DITANGGUNG PENJUAL. BUAT PENJUAL BERI CAMPIGEN 1 SAJA YAITU Program GRATIS ONGKIR DAN KASIH ADMIN SEWAJARNYA SAJA. GA PERLU CAMPIGEN2 ANEH2 SEMOGA BISA DIMENGERTI YA CEO.,5
2025-06-22 10:35:03,Saya mau jualan pakan ternak seperti nasi aking apa bisa,5
"2025-07-11 05:52:00,""""""produk tidak ditemukan"""" """"gagal memuat produk"""" pas lagi scroll produk pdhl selalu gitu"",1"
2025-07-30 17:37:37,prediksi saya bentar lagi meledak karena data pada pengunjung dalam semalam bisa ratusan wkwk,5
"2025-06-17 11:50:46,""terus imorove,smoga ada sultan dan atau konglomerat mau suntik dana ke Toco biar makin berkembang,lawak bgt pakai shopee dan Tokopedia potongan kagak ngotak"",5"
2025-05-29 11:28:57,Asal jangan ribet kaya yg lain pasti rame ..moga berpihak pada umkm,5
2025-07-21 15:38:17,yuk rame2 kita dukung toco agar cepat berkembang dan lebih besar lagi menjadi alternatif marketplace untuk menjadi pelaku usaha UMKM di Indonesia dan mampu menandingi hegemoni shopee yg udah kelewat batas menjajah ekonomi kerakyatan di Indonesia yg hanya berpihak pada pengusaha2 besar pemilik brand2 terkenal saja....,5
2025-09-18 02:38:50,aplikasinya untuk jual beli sangat hemat dan mantapppp sekali,5
2025-05-20 02:25:43,Semoga lebih rame kedepannya..,5
"2025-05-27 08:55:40,""mantap semoga bermanfaat buat kita saling menguntungkan dan semoga tambah sukses maju selalu,"",5"
2025-07-30 08:15:50,pesanan cepat sampai,5
"2025-05-27 06:25:32,""APLIKASI HARAPAN KAMI SEBAGAI SELLER MUDAH MUDAHAN REZEKI SAYA DI SINI, TERUS BERKEMBANG YA MINCO! UNTUK UI NYA SUDAH BAIK DAN SEIRING WAKTU HARUS TERUS UPGRADE YA MINCO DARI SEGI UI, FITUR, DLL , AGAR BISA BERSAING DENGAN APLIKASI RAKSASA LAIN, SARAN KAMI BUATKAN APLIKASI KHUSUS UNTUK SELLER NYA JUGA YA DI MOBILE, SAYA BARU MAKAI APLIKASI TOCO NGGA TAU NIH BAKAL ADA FITUR UNTUK AKUN AFFILIATE JUGA ATAU NGGA, JIKA TIDAK ADA MOHON TAMBAHKAN UNTUK AFFILIATE NYA YA MINCO 😊 ⭐️⭐️⭐️⭐️⭐ BUAT MINCO"",5"
2024-09-10 04:24:03,Oke mantap aplikasi nya sangat membantu pedagang umkm,5
2025-07-22 18:54:52,aplikadi terbaik spanjang massa,5
"2024-07-18 02:37:35,""THANK YOU TOCO, SEMOGA NANTI SEMAKIN MAJU DAN MAKIN BANYAK YANG MENJADI SELLER DI SINI, YUK DUKUNG KARYA ANAK BANGSA, DENGAN BELANJA DI TOCO."",5"
2024-08-07 01:09:40,Bagus banget ini aplikasi membantu sekali buat saya selaku pencinta hewan karena ada ruang komunitas,5
2025-08-23 08:48:09,mudah-mudahan ini marketplace paling bagus kedepannya .. semangat min kembangkan,5
2025-08-08 15:36:56,gk ada gratis ongkir,1
"2025-09-19 01:59:17,""Tolong tambahin pembayaran pake BCA dong, sama permasalahan update resi"",4"
"2025-09-05 03:48:54,""edited, terimakasih atas responnya setelah beberapa kali kami complain😇"",3"
2024-11-20 13:31:05,Aplikasi Toco sangat bermanfaat dan mendukung untuk para pengusaha pemula.,5
"2025-01-22 03:33:48,""toco aplikasi bagus, karena memiliki 0% biaya transaksi dan ber komunitas"",5"
2025-06-23 13:34:17,baru sehari pasang iklan sepeda listrik di toco sudah ada yg nanya. Mantap Jaya Toco,5
2025-07-13 07:38:32,toco saya harap ini bakalan jadi e-commerce yang potensial mudah mudahan cepat dapet investor gede toco,4
2025-07-08 08:32:56,blm ada yg laku nih posting disini😅,3
"2025-06-05 19:42:41,""harga produk mahal ,wilayah aceh ga support pengiriman ,produk tidak lengkap"",1"
2025-08-07 09:56:55,CS nya tanggap dan siap membantu....,5
2025-08-08 02:34:39,seru banget banyak diskon di Toco cs nya juga satset gapake lamaa🫶,5
2025-05-31 01:30:48,gak bisa verifikasi no hp,3
2025-05-29 01:25:19,ini asli buatan anak bangsa 70 apa 100 ya min 😅,5
"2025-10-13 06:15:29,""Toco platform bagus buat jualan online, gratis biaya admin dan transaksi aman. Cocok buat pemula yang mau mulai jualan online!"",5"
"2025-07-05 06:18:25,""Halo minnnnmnm udah ku kasih bintang 5, TOLONG DENGERIN DAN BACA ULASAN GUE MIN... TAMBAHIN FITUR VIDIO DAN LIVE BUAT AFFILIATOR DONG MIN"",5"
2025-05-21 05:32:34,Ringan dan simpel,5
2025-10-12 09:07:01,Sangat membantu untuk meningkatkan kualitas penjualan dan di percaya oleh Konsumen the BEST,5
2025-05-28 18:20:56,Ayoo semoga jadi salah 1 marketplace terbaik,4
2025-07-21 00:38:22,Bismillahirrahmanirrahim.. semoga kayak olx lagi,5
"2025-06-11 23:57:55,""bintang 3 dulu, ga ebak dimata. ngejreng beudddd."",3"
2025-05-21 23:56:14,yukkk marketplace baru nih. bisa yukkkk pindah sini semua,5
2025-07-21 03:24:48,csnya membantu sekali ramah juga dan nggak ribet pokok the best lah,5
2025-07-05 07:34:40,Aplikasi yang sangat berguna,5
"2025-06-22 05:32:59,""mau verifikasi sj susah ya, sdh kembangin sj di SHOPEE ...... Adminya TOCO CULAS MALAS RESPON BIKIN SAMPAH DI HP sj"",1"
"2025-02-12 12:01:05,""inget nih review saya ini aplikasi non biaya admin untuk pelapak selamanya, yuk support aplikasi toco next bikim tools bisa live streaming"",5"
2025-09-15 11:33:33,gada biaya admin wey gokil 🥳,4
"2025-05-21 13:16:16,""Tolong konsisten. Jangan main jual aja kalau udah kaya. Jangan hianati seller dan buyer loyal, kayak tokopaedi sebelah. ini saya ajak semua pelanggan saya kesini."",5"
2025-07-06 06:32:15,siap simple seh semoga bisa konsisten,5
2025-07-06 08:08:59,ok. mantap. perlu peningkatan performa,5
2025-07-21 03:22:36,sangat memuaskan dan harga terjangkau,5
"2025-06-23 14:08:23,""mantap ,keren simpel,semoga semakin berkembang ke daerah Daerah,salam jaya jaya"",5"
"2025-06-26 05:18:05,""semoga ada perbaikan kedepannya, butuh alternatif bagi seller buat jualan"",5"
2025-06-15 15:31:27,sangat membantu dengan adanya tocco. sukses selalu.,5
"2025-06-23 12:35:28,""terbaik, ga kalah keren sama si oyen dan si ijo."",5"
2025-05-22 03:42:58,gas donk kakak...banyaki iklan biar banyak yang tahu aplikasi toco..beri harapan baru untuk seller-seller toko ijo yang ga mau gabung app joget,5
"2025-05-11 16:46:14,""Saran min,adain program affiliate itung2 ngiklan aplikasi biar banyak user / netizen pada mampir ke TOCO 👌 Semoga Suxes & Gak remuk kaya si ijo"",5"
2025-05-28 23:57:05,Segera bertumbuh lebih baik🌱,5
"2025-08-16 03:02:36,""Pelayanan Mantap, Alhâmdulillaah ❤❤❤❤❤❤❤❤❤❤"",5"
2025-07-21 21:34:10,bagus buat pemula,5
"2025-07-30 05:54:50,""mantap ini, cs nya fastrespon bngtt suka sm banyak diskon'❤️❤️"",5"
"2025-06-11 19:00:18,""Mencoba peruntungan baru disini, sdh mu4k dgn orange dan hijau."",5"
2025-06-15 07:57:43,tolong tambahkan pembayaran via gopay dan cimb please,4
2025-07-29 05:51:44,mantap tambah sukses selalu,5
2025-06-11 22:01:11,Lebih mudah digunakan,5
2025-08-27 18:48:34,ayo terus berkembang toco 🙏🏻👌,5
2025-07-14 09:46:13,aplikasi baru bisa memudahkan para penjual online yang lagi merintis kereen bngt tau toco dari Twitter/X,5
2025-04-09 15:31:40,Semoga bisa menggeser tiktok dan shopee yg kasih admin gak ngotak,5
2025-08-02 08:24:51,tambahin fitur affiliate dong kak biar rame 😁,5
2024-12-17 05:25:57,Program mantap bebas biaya admin...Harga prodak Auto jadi lebih murah 👍,5
"2025-05-20 07:21:48,""Bismilah, semoga disini ada rezeki nya"",5"
2024-11-19 13:12:08,Aplikasi yang bagus untuk orang yang ingin memiliki bisnis berjualan,5
2024-09-04 03:55:14,Memberikan pelatihan umkm yg bermanfaat...trima kasih...,5
2025-06-18 13:08:24,baru mau coba masih ada bingung2 🤣,5
"2025-01-22 03:35:26,""Apk yang sangatt berguna buat para pemula untuk memulai berjualan online tanpa modal yang besar dan toco sudah tersebar luas di Indonesia bahkan luar negeri, TERIMA KASIHH TOCOO😍"",5"
2025-07-12 23:38:40,semoga aplikasi Toco terus berkemban,4
"2024-08-29 03:42:22,""Pendaftaran mudah, tim profesional"",5"
2025-07-16 21:57:31,gak bisa konfirmasi toko.,1
2025-01-20 07:33:28,bagus ngga banyak iklannya,5
"2023-11-22 06:49:58,""Kerenn bgt, tidak sulit di operasikan"",5"
2025-02-12 12:03:22,Support aplikasi toco tanpa biaya admin untuk penjual mantapp,5
2025-06-29 14:46:41,ini gimana cara withdraw refund pengembalian dana dari seller.,5
2025-06-24 12:49:36,marketplace yang cocok bgt buat jualan tanpa potongan admin..gass jualan disini,5
2025-10-06 12:30:13,mau cekout barang tapi masukin alamat aja gagal di simpan terus,2
2025-01-21 07:05:27,Aplikasi nya bagus dan sangat memudahkan!,5
2024-11-26 04:23:16,aplikasi yg sangat bagus karna bebas biaya transaksi atau 0 rupiah,5
2024-11-13 04:27:49,Aplikasi yang sangat membantu bagi penjual atau pembeli marketplace,5
2025-08-06 05:44:03,JANGAN INSTAL APLIKASI INI! INI APLIKASI SAMPAH DANA REFUND GA DI REFUND BILANGNYA HARI KERJA SENIN SAMPEK SENIN DI MINTA REFUND GA ADA DANA MASUK SAMA SEKALI SETELAH ITU DI WA ADMIN TOCO NYA JUGA PERCUMA SURUH SCREEN SHOT SCREEN SHOT TEROS BUTUHNYA DANA BALIK BUKAN ABCD NYURUH INI ITU! APLIKASI SAMPAH!!!,1
2025-04-09 21:20:05,tolong update biar ada fitur duplikasi produk dong. sama cod,5
2025-03-19 04:15:57,aplikasi nya sangat membantu dan sangat bagus,5
2024-05-07 04:47:54,Toco sangat baik dan dampak positif dan toco gratis semua ny salam sehat selalu,5
2024-08-29 03:42:33,keren aplikasinya mudah dioperasikan,5
2025-01-30 12:29:46,Kenapa tidak bisa menambahkan no rekening,4
2021-10-30 11:42:17,UNINSTAL!!!! Sepertinya transaksi tidak aman disini!!!! Kita disuruh kontak penjual dan aplikasi ini tidak menjamin transaksi jual beli didalamnya....ini namanya gak bertanggungjwab,1
2024-11-13 07:23:30,Aplikasi ini sangat berguna dan bagus karena 0 rupiah biaya admin,5
2025-01-22 03:41:29,Makasih toco udh bagi saya pengalaman untuk berjualan aplikasi toco sangat membantu saya dalam berjualan terimakasih,5
"2024-10-23 07:19:07,""aplikasi toco sangat membantu UMKM seperti saya ,bisa membantu mempromosikan jualan saya,,fiturnya juga sangat mudah di fahami, untuk UMKM pemula di dunia ecomers seperti saya,,salam sukses dan berkembang Untuk Kemajuan UMKM di negeri ini ,,,"",5"
"2025-01-22 03:41:27,""Toco sangat bermanfaat bagi kalian yng ingin menjual barang ataupun gabung dengan komunitas ,karena toco merupakan aplikasi market place berbasis komunitas , sangat berguna bagi kalian yang ingin mencari tahu apa yang kalian butuhkan"",5"
"2025-08-12 00:18:19,""yuk ramaikan TOCO, Toko kuning"",5"
2025-06-24 23:45:28,harapan lebih baik dari s oren sgra bnahi bos apk nya dan beranikan bkr uang biar cepat buyer gbung,5
"2024-09-11 04:37:55,""Aplikasi Toco Bagus,mudah di gunakan dan byk fasilitas yg bs kt pakai sesuai dengan kebutuhan kita sebagai penjual dan pembeli."",5"
2024-10-23 07:25:36,Pelayanan baguss Pokoknya nyesal tidak download,5
2024-10-23 01:32:22,Aplikasi toco bagus bermanfaat untuk warga indonesia,5
2021-07-03 01:50:03,Mantap deh.... bagus bangt aplikasinya mudah2an tambah maju,5
2024-05-08 04:30:36,Alhamdulilah bisa tambah ilmu ...semoga berkah buat semua nya 🙏,5
2021-09-12 05:47:28,Tidak membantu sama sekali cm menuhin memory 🤔,1
2024-09-10 04:39:56,Pelatihan pagi hari ini bersa8a Toco di kantor kecamatan ps. Minggu 👍👍👍 Banyak ilmu n pengalaman yg didapat. Sukses n semakin berkembang utk Toco,5
2024-11-20 10:15:58,Wah aplikasi ini sangat bermanfaat karna mempermudah dalam jual beli barang,5
2024-09-10 04:15:18,Aplikasi untuk berjualan transaksi secara gratis tanpa biaya admin,5
"2025-01-22 04:05:55,""Aplikasi ini sangat membantu para seller untuk menjual dan menyebar luas kan produk yg mereka jual,"",5"
"2024-08-29 03:42:19,""Lumayan, cukup membantu untuk belajar jualan d market place"",5"
2024-08-29 03:45:22,Aplikasi yg bagus untuk membantu dalam pemasaran produk UMKM,5
2024-10-08 04:07:39,Aplikasi yang sangat manfaat bagi seller dan customer .,5
"2024-08-27 03:13:36,""Memudahkan penjualan produk bagi kami UMKM pemula, dan kelebihan nya ada ruang komunitas sehingga mempertemukan kita dgn org² yg memiliki minat yg sama"",5"
2025-07-04 01:35:57,hati2 banyak penipuan!!!,1
2025-06-25 02:51:10,Saran sih bisa buat iklan dimana2 biar bisa di kenal lebih luas oleh masyarakat,5
2025-07-18 03:10:01,Kenapa saya tidak memasukkan bank saya ?,5
2024-10-08 04:14:47,Aplikasi yg sangat membantu dlm segala kebutuhan 👍👍👍,5
2025-06-24 13:01:05,semoga bisa bersaing dengan shopee,5
2025-07-22 13:55:48,gk sperti shopee dan tiktok apk gk jlas,1
2025-06-28 12:45:59,REFFUND UANG NYA PESANAN DI BATALKAN TAPI GAK DI REFFUND DANA NYA,1
"2024-11-13 07:23:00,""Bagusss bgt kak, dei apk ini jadi mempermudah jual beli"",5"
2024-11-13 04:25:54,aplikasinya bagus dan mudah digunakan,5
"2024-09-03 04:20:51,""Aplikasinya keren, mudah di gunakan"",5"
2024-10-23 01:46:54,Aplikasi ini dapat membantu membangun jaringan komunitas. Terbantu sekali dengan adanya aplikasi ini. 👍👍👍,5
2024-11-26 04:21:13,apknya sangat membantu untuk perintis usaha,5
2025-08-21 00:56:30,Dana lama cair,1
"2024-08-29 03:43:44,""Boleh juga nih, moga2 toco lebih bermanfaat dari market place lainnya"",5"
2025-06-27 12:02:35,aplikasinya agak lambat,5
2024-09-03 04:25:15,Aplikasi yang sangat membantu buat para pemula,5
2024-11-26 04:19:10,Aplikasi nya bagus banget top markotoppp mantappppp,5
2025-06-30 11:21:38,PENCAIRAN SALDO LAMA SUDAH 2 HARI MENUNGGU BELOM DI TRANSFER JUGA,1
2025-07-29 13:19:32,semoga tumbuh dan berkembang,5
2021-06-25 02:24:39,Top bget ini terbaik termuda terpercaya terlengkap..sy bantu doa ke depan tambah maju sukses....???,5
"2025-04-29 14:58:20,""bagus.mencoba dlu,dripada tisak sama sekali.semoga sukses di toco"",5"
"2025-06-30 07:31:49,""pengen mulai jualan, masukin alamat gag bisa. ga tahu nge lag atau gimana.."",1"
2024-10-29 05:04:30,sangat mudah untuk berbelanja,5
2025-07-30 04:05:54,toco memudahkan saya. benar benar membantu,5
2024-08-29 03:45:05,Aplikasinya keren terbaik memudahkan pelaku usaha UMKM dgn Free biaya²,5
"2024-11-19 08:03:52,""Aplikasi nya bagus,bagus untuk yang mau mulai jualan di online"",5"
2025-07-28 09:42:22,WAH APLIKASINYA BAGUS BANGET,5
2024-11-26 04:24:24,Bagus Sangat Cocok Untuk Awal Jualan Di Marketplace,5
2025-06-24 11:57:11,admin nya susah di hubungi seller,1
2024-08-29 03:44:53,Smoga bisa menambah wawasan..onlane berjualan..dn smoga tambah pintar jga,5
"2025-06-25 12:55:29,""Oh ini yg heboh, interest karena bebas biaya admin"",5"
2025-08-01 00:09:32,KAPAN BISA LIVE JUALAN??? HEHE,5
2023-05-08 10:55:20,Sangat membantu dan bagus sekali,4
2025-07-05 06:16:53,aplikasi ini sesuai kebutuhan saya saat ini,5
"2025-07-08 12:08:19,""07/07/2025 Mulai Mendaftar di Toco, Semoga Berkembang Perkembangan Bagi Seller & Customer Puas"",5"
2025-01-21 07:06:08,toco sangat mempermudah para wirausahawan!,5
2025-07-05 06:37:37,aplikasi ringan dan mudah,5
2025-07-11 01:29:01,sering logout tiba2,3
"2025-06-28 13:39:42,""gw rekomendasikan, ini bagus"",5"
2025-09-14 08:56:44,menantang dominasi,5
2025-09-14 09:12:44,terbaik lah👍,5
2025-06-26 01:14:09,untuk melihat rating toko/penjual dimana ya? atau memang TDK ada?,4
2025-01-22 03:36:47,aplikasi yang membantu seller tanpa biaya admin 🤩 datang kesekolah saya promosi seminar terimakasih toco🤩,5
2024-08-27 03:12:29,Sangat mambantu untuk umkm pemula,5
2025-06-06 09:25:48,kalau pengen cepet rame toco tambah affiliate.,3
2024-08-27 03:09:31,Sangat menjanjikan utk yg mau memulai usaha 👍,5
"2024-08-29 03:43:14,""Toko bagus, inspiratif, murah . InsyaAllah bisa membantu UMKM di Indonesia lebih maju dan sukses di bisnis online. Aamiin"",5"
"2025-05-30 07:50:02,""oke dicoba dlu, smoga memuaskan"",5"
2025-05-31 20:25:15,ayo lebih berkembang lagi,4
2024-11-22 13:30:02,Saya uninstall lagi...masak cari alat motor katanya gak ada gak ada terus,1
2025-08-22 03:46:35,APK terkeren untuk jual dan beli Bisa drop off dan pick up Cocok untuk pemula berjualan online Fitur terupdate Improvement konsisten Integrasi Bigseller Kurir toko untuk produk digital Tampilan simple Website pribadi CS BUKAN BOT Team bantu migrasi,5
2025-07-07 12:17:54,Mantep Toco di tengah gonjang ganjing e comerce,5
"2024-10-08 04:14:31,""Aplkasi nya membantu bgt, oke"",5"
2025-10-02 10:57:58,biaya retur masih di bebangkan kepada penjual,1
2025-08-13 11:49:57,Sikat pesaing toko sebelah 😎😎,5
"2024-09-13 21:23:56,""Gak bisa COD,Kalau bisa COD saya langsung Check Out"",4"
2024-10-08 04:10:52,Aplikasi sangat mendukung para umkm,5
"2025-05-31 23:10:11,""aq edit ulasan, sdh bisa verifikasi no hp. smoga gacor orderannya"",5"
2024-08-29 03:40:51,Alhamdulillah penjelasannya cukup baik,5
2024-11-20 07:52:05,Aplikasi nya rekomend bgt buat jual beli barang,5
2024-11-26 04:20:45,kereeen mantap keja bagus keren,5
2024-08-29 04:41:33,toco aplikasi terpercaya keren smg laris bersama toco,5
2024-09-12 07:30:31,Aplikasi marketplace baru kerenn!,5
2025-08-22 03:30:13,aplikasi yang bermanfaat banget,5
2024-10-29 05:06:12,Keren dan mantap banget,5
2024-08-29 03:43:01,Alhamdulillah Dapet Ilmu yang Luar Biasa.... Sukses Terus Untuk Toco Serta kita Semua.,5
2025-06-26 14:03:41,toco sangat membantu usaha saya tanpa biaya admin,5
2025-05-29 14:28:58,tingkatkan dong... biar kalah dr aplikasi sebelah.. kami siap mendukung.. bakal tiap hari saya promo kan,5
2025-06-15 04:32:12,baru mulai jualan semoga pickupnya ga ga banyak drama,5
"2025-07-14 03:00:11,""gajelas, lelet lemot, ga rame pembeli, kacau"",1"
2025-06-24 03:28:28,baru nyoba. tolong jangan jahat ke seller seller.,4
2025-05-25 09:47:01,semoga menjadi marketplace nomor 1 di Indonesia !!!,5
2025-06-07 04:52:58,semoga saja lebih bermanfaat bagi semua,5
"2025-07-30 04:06:24,""Platform ini dukung produk lokal, tawarkan iklan gratis dan diskon ongkir. Pengiriman mudah lewat J&T, JNE, Paxel, PosAja, dengan harga terjangkau. Ada website custom, CS gampang dipahami, dan komunitas untuk berbagi."",5"
2025-07-19 08:16:01,aplikasi ini sangat lengkap👍👍,5
2025-05-18 20:29:47,Nyaman belanja disini,5
2025-07-07 02:46:35,aktifkan jasa kirim cargo,5
2025-05-18 07:04:59,Semoga semakin maju dan sukses,5
2024-11-13 04:29:38,sangat membantu saya dalam menjual barang dan jasa,5
2025-07-31 15:46:16,semoga kedepannya lbih maju,5
2025-08-22 03:48:40,buat cocoknya semua,5
2025-07-07 05:12:15,sangat membantu umkm,5
2025-06-25 20:46:24,Aplikasi yang sangat bagus,5
2025-06-29 13:03:52,semoga pecah telor jualan di TOCO,5
2025-06-15 16:37:14,semofa bermanfaat,5
2025-01-22 03:32:20,toco aplikasii yangg bagus dann sangat rekomendasii sekali,5
2024-11-26 04:43:29,Aplikasi ini sangat membantu saya untuk berbisnis,5
2024-11-19 04:18:52,Aplikasi ini sangat berguna untuk jual beli produk barang,5
2024-11-26 08:00:11,bagus apk nya untuk orang yang ingin memulai usaha baru,4
"2024-09-04 04:04:36,""Aplikasi simple ,b"",4"
2024-10-29 05:07:53,bagus barangnya lengkap ada sepatu yg saya inginkan,5
2021-09-20 12:41:36,Semoga aplikasi ini bisa membantu aku menjual produckku,5
2024-09-04 03:55:06,Aplikasi yg membantu untuk memasarkan produk kami,5
"2021-11-07 12:10:23,""Saya mau jualan bahan matrial batu bata apakah bisa, Kusus untuk lampung"",4"
2025-04-20 16:05:37,semoga bisa menjadi platfom terbaik di indonesia...,5
2024-11-13 04:34:40,aplikasi nya sangat membantu,5
2024-08-29 03:42:12,Aplikasi yang mudah s gunakan,5
2024-09-02 04:16:33,Aplikasinya bagus Masa depan aplikasi indonesia,5
2021-08-23 13:04:23,Aplikasi bagus sanggat membantu,5
2024-11-20 07:52:18,aplikasi yang sangat berguna!,5
2024-11-26 04:32:59,bagus untuk pemula yg mau memulai bisnis online,5
2024-10-02 04:26:18,TOCO sangat mudah di gunakan,5
2024-08-29 03:47:20,Gratis biaya admin sangat membantu,5
"2024-10-29 05:07:18,""Mantap,murah,dan keren"",5"
2024-08-29 03:43:37,Terima kasih banyak sangat berguna banget bagi kami.,5
2024-12-26 12:15:01,Aplikasi yang bisa mendukung,5
2024-11-13 07:36:31,Kerenn dan bagus,5
"2024-11-13 04:19:12,""marketplace paling the best, barang yang di jual juga murah2.. cocok buat yang mau belajar jualan online 👍🏻👍🏻👍🏻"",5"
2024-09-04 03:50:47,aplikasinya cukup mudah,5
"2024-10-08 04:27:04,""Oke banget, membantu umkm"",5"
"2021-03-22 12:19:06,""Masih kulik2 aplikasinya, sejauh ini mantap👍"",5"
2024-08-26 21:38:07,bisain cod kak biar rame,2
2024-11-13 04:29:47,aplikasi yang membantu untuk berjualan online,5
2024-10-08 04:14:39,Apliikasi yg membantu buat UMKM,5
2025-02-17 09:13:33,Smoga bisa ngalahin si Shopxx ya om Toco...,5
2024-08-29 03:51:34,Keren bagus banget,5
2024-11-19 04:17:33,Bagus bangettt apk nyaa,5
2024-05-08 04:19:43,Sangat baik untuk pelaku UMKM,5
"2025-02-17 19:39:56,""Aplikasi kocak, gimana mau rame pembeli, lu gak bakar duit"",1"
"2025-01-19 10:48:05,""Assalamualaikum admin yang terhormat dan, terkhusus ceo Toco , kalau boleh memberikan saran kepada anda , sebaiknya Toco fokus di pengembangan produk UKM seluruh Indonesia , jadikan Toco , top platform pembelanjaan UKM produk, seperti Etsy, fokus saja ke segmentasi pasar UKM tanah air kita."",5"
"2024-08-29 03:42:20,""Good, terus berkembang"",5"
2024-08-26 09:59:03,GA ADA DATA STATISTIK NYA. TOLONG DONG DI TAMBAH FITUR STATISTIK NYA.. (BERAPA ORANG YANG MELIHAT DAN BERAPA ORANG YANG MENG KLIK) 🙏,3
2024-10-01 04:22:17,Semoga bisa berkembang bersama TOCO...,5
2024-08-29 03:44:18,Moga bermanfaat memakai toco,5
2025-02-07 12:18:11,Blum ada penjualan 🫣,4
2022-06-24 10:33:51,Ban aja ni aplikasi gak guna,1
2025-07-05 10:06:00,wihh Apkasi kerenn,5
2024-10-01 04:20:26,Sangat membantu sekali,5
2025-07-22 06:49:21,ringan sekali,5
"2024-09-03 04:03:43,""Bagus, ok punya lah"",5"
2024-11-26 04:32:58,bagus dan bebas biaya admin,5
2025-05-25 12:56:29,kamu buatan mana sih?,5
2025-06-03 07:09:35,Semoga makin berkembang,5
2024-08-29 03:42:04,Bagus dan keren,5
2025-05-30 12:04:31,coba Dolo lah....... next baru kita tambah kalo emang oke....,3
2024-09-02 04:25:14,Taco bagus dan mudah,5
2025-08-03 19:42:46,kapan rilis fitur COD minkuh?,5
"2021-03-26 12:11:05,""Baru mau coba sih , kata tmn bagus 😁"",5"
2025-09-21 15:05:59,bagus ini jualan disini,5
2024-11-19 04:34:45,aplikasi yang sangat bagus,5
2024-11-26 12:42:10,Aplikasi bodoh masa refund aja 2 hari,2
2025-07-08 05:52:34,semoga berkembang,5
"2025-05-19 05:44:17,""tau toco dr threads di Twitter, kuning cakep aplikasinya, dan beneran free admin seumur hidup cuy, mantaap👍"",5"
"2024-11-26 04:43:42,""Bagus bermanfaat, asikk"",5"
2024-08-27 03:43:19,Mudah berkualitas,5
2025-01-20 07:28:00,aplikasinya sangat bagus,5
2025-07-25 18:23:33,semoga lebih baik lagi,5
2025-06-06 15:00:45,bismillah mogah berkah.,5
2024-11-13 04:24:00,aplikasinya keren banget,5
2025-07-01 16:34:04,perlu banyak perbaikan.,1
"2024-11-26 04:39:22,""bagus, bermanfaat"",5"
2024-11-26 04:24:05,Poco keren mntap,5
2024-11-26 07:54:19,sangat bagus sekali,5
2025-09-27 18:14:08,semoga bisa kaya market lain,5
2025-05-25 15:29:26,b aja ga ada fitur paylater,3
2025-07-25 02:58:50,bisa cod ngga yaa?,5
"2024-11-26 04:22:48,""APK BAGUS,BERMANFAAT BAGI PEMULA YANG INGIN BERJUALAN"",5"
2025-07-22 15:46:00,pengganti shoopee dan tokopedia .. hahaha,5
2021-03-30 04:39:35,semoga dagangan yang di posting di sini laris manis semua. aamiin.,5
2024-11-13 07:43:25,Sangatt berguna,5
2025-07-01 14:22:24,mungkin karena 0%,3
2024-10-29 05:06:52,Ayo gas aja Download toco tidak bakal merugikan,5
2025-01-20 07:27:18,toco emang bagus,5
2024-05-08 04:30:14,seru...nambah ilmu insya Allah jg nambah income...,5
2025-08-12 07:45:22,semoga menjadi ecomerce no 1 di indonesia ..,5
2025-01-22 03:32:50,Apk sangat baugs,5
2025-04-26 12:56:18,aku nggk bisa upload produk,1
2025-06-14 14:14:52,dukung 1000% buat karya anak bangsa 🫶♥️,5
2025-08-01 14:10:34,terus tungkatkan ka,5
2025-01-22 03:33:14,Mana laptop yang kau janjikan itu wok?,5
2025-07-10 03:51:24,jika hanya ada 1 bintang,1
2025-10-16 04:33:33,kembangkan terus,5
2024-12-26 12:23:21,Biaya admin bnar2 0%. Mantapp👍,5
2025-07-12 03:54:16,sudat buat verifikasi,2
2024-08-29 03:42:46,Oke juga. Blm dicoba,5
2024-11-19 08:00:45,aplikasinya bagus,5
2024-09-11 03:51:17,Mudah digunakan,5
2025-01-22 03:31:36,Aplikasi terbaik,5
2025-01-21 07:02:10,aplikasi nya keren,5
2025-07-11 05:37:52,baru mencoba,5
2024-10-08 04:15:41,Gratis Biaya Admin.... 👍😎🙏,4
"2025-11-09 02:54:17,""aplikasi mantap, admin nya responsif, mantap lah 👍👍👍"",5"
2025-10-31 05:28:40,ini ko gabisa log in ya?,4
2025-10-31 05:59:38,lemot banget,1
2025-10-31 07:40:43,👍👍👍,5
2025-10-21 09:23:06,PELAYANANNYA RAMAH DAN INTINYA GACOOOORRR!!!!😍🫰,5
"2025-10-07 02:30:19,""Lightweight and clean interface that makes navigation a breeze. I still experience occasional backend downtimes but I think it has gotten better. I used to struggle with the search engine’s accuracy, but recent updates have made it much more reliable. It also doesn't charge sellers unreasonable fees like its competitors (in this economy?). It’s a pretty good app, and I genuinely believe it deserves more recognition"",4"
2025-10-04 08:44:45,good,5
2025-09-15 10:05:53,ok,5
"2025-09-03 21:17:25,""kurangi omon - omon, banyaki kemon - kemon."",5"
2025-08-31 01:29:08,Tiap mau beli barang selalu muncul data listing not found data listing not found apaan sih,1
2025-08-30 15:45:19,Marketplace is better than others,5
"2025-08-28 05:13:39,""Besttttt!! Mampir tokoku ya.. Shopbycila (toco)/ Shopbycilaa (Toktok) Banyak babytee, crop brand/non brand, MLB, Nike, Adidas, Xexymic dll dgn harga terbaik tanpa BID²AN 🍓💕✨🦩"",5"
2025-08-21 06:51:00,แอปพลิเคชันนี้ยอดเยี่ยมมากและสมควรได้รับคะแนนห้าดาว แอปนี้ถูกออกแบบมาอย่างสมบูรณ์แบบเพื่อช่วยผู้ใช้ในการทำงานประจำวันได้อย่างมีประสิทธิภาพมากยิ่งขึ้น,5
"2025-08-19 12:54:59,""terbaik pokoknya apk toco, adminnya fast respon. the best pokoknya pelayanannya 🔥🔥🔥"",5"
2025-08-19 16:08:56,good,5
2025-08-25 05:37:43,bagus,5
"2025-08-12 12:15:05,""bafus,wjib pibdah sini all seller"",5"
2025-08-04 18:07:28,nice,5
2025-07-27 15:39:43,apakah toco bs berjualan lwt live streaming? sprti marketplace oyen tok2..?,5
2025-07-31 17:38:46,oke 👌👍,5
2025-07-19 06:53:37,S.A.M.P.A.H,1
2025-07-18 01:44:16,baik,5
2025-07-14 09:31:46,Free biaya admin... gasss!!!,5
2025-07-13 01:14:05,good. verry good,5
2025-07-13 13:28:25,mantap,5
2025-07-15 05:06:24,kalo udah ada iklan di tv pasti bakalan rame,5
2025-07-10 08:24:12,Ok,5
2025-07-10 08:22:20,Trusted marketplace,5
2025-07-07 20:36:41,ayo toco di kembangin lagi kekurangannya. saya udh frustasi sbelah sebelah byaya adminya mahal bgt. saya mulai buka lapak di toco mulai skrg. smoga sistem sistemnya jdi lebih mudah . semangt 🥰,5
"2025-07-05 06:11:10,""UMKM friendly,cs responsif tolong tambahkan fitur cod ya ka"",5"
2025-07-06 08:04:49,jelek bgt,1
2025-07-04 07:32:42,great,5
2025-07-13 05:18:26,terbaik,5
2025-07-08 07:57:02,kereeeen,5
2025-06-27 02:29:54,Bagus sih secara keseluruhan. moga2 dagangan saya laris disini.,5
2025-07-01 15:27:48,jelek,1
2025-07-02 06:39:19,Bagus..,5
2025-07-03 07:56:34,good apps,5
2025-06-26 16:04:48,asli keren saya jualan sangat mudah,5
2025-06-28 22:20:17,okee,5
"2025-06-23 05:03:21,""Hallo, dev semua bagus. saya merekomendasikan dan mempromosikan aplikasi toco ini kepada semua orang. tapi mohon dengan sangat, tolong permintaan saya di ajukan, sebab setiap membuka aplikasi dan menambahkan produk masalahnya ada di jaringan (Halaman gagal memuat) padahal jaringan saya bagus tanpa hambatan. tolong diperbaiki admin. terima kasih banyak semoga permintaan saya dan untuk pengguna aplikasi toco dapat mudah menggunakan aplikasi toco"",5"
2025-06-21 20:36:01,aplikasi sampah..,1
2025-07-01 22:12:14,mantap,5
2025-06-24 22:49:57,oke,5
2025-06-23 12:27:53,terbaik,5
2025-06-21 15:13:59,Semoga bermanfaat,5
2025-06-22 06:16:33,bagus,5
2025-06-17 22:52:16,Mantep,5
"2025-06-12 23:18:44,""masih sepi, semoga kedepannya banyak yang gunain Toco, masih bingung juga bedain seller yang terpercaya (star+) sama yang mall ..semoga kedepannya makin bagus ya Toco❤️ .."",5"
2025-06-08 01:38:04,pengen pesan barang tapi pengen cod,5
2025-06-07 07:10:00,Ditunggu fitur afiliate nya,5
2025-06-04 15:33:58,mantaf,5
2025-06-13 22:26:44,bagus,5
2025-06-14 23:06:40,mantap,5
2025-06-15 16:28:29,pengganti to p.dia,5
2025-06-08 07:29:00,Good Banget,5
2025-06-08 04:37:34,🔥,5
2025-06-01 06:42:05,jaya terus produk lokal,5
2025-05-31 18:02:22,Aplikasi yang the best👍,5
2025-05-30 23:07:25,nyoba dulu,5
2025-05-25 09:00:06,Ga ada program affiliate ya ?,5
2025-05-26 10:14:43,User friendly. Dealing With No Drama.,5
"2025-05-22 15:40:14,""we count on you, Toco"",5"
"2025-05-15 00:58:23,""mau kasih saran adain fitur COD nya dong biar sama seperti toko"""" lain"",5"
"2025-02-17 12:55:24,""Bad place to work, there is an issue with workplace harassment, need to be evaluated by a ministry of labour, please evaluate your leader, cause one of the department leaded by a person who cant lead and build the team, just blaming the staff without any clear justification, and disturb the staff while weekend with bad treatment, which means that not of the office hour. Please take care of your staff, they deserve to get the best, how you can develop your company without take care of your staff"",1"
"2025-02-09 10:53:49,""Aplikasi toco sangat bagus, bebas biaya admin, gratis ongkir, cs fast respon semoga membantu kami sebagai pengusaha dan toco cepat maju"",5"
"2025-02-09 11:10:02,""Tampilan user sangat friendly, mudah digunakan, jaya selalu toco, we love it"",5"
2025-02-09 13:55:53,Sanagt bagus aku senang,5
2025-01-22 03:33:01,menurut saya bagus banget aplikasi ini karna dengan ini kita bisa join ke komunitas dan kita bisa kasih saran untuk kedepannya mau jualan apa yg sedang trend di marketplace online,5
2025-01-22 03:32:15,keren,5
2025-01-22 04:45:31,Keren,5
"2024-11-26 04:23:46,""membantuu bngt, praktis dan cepat"",5"
"2024-11-26 04:22:07,""keren, bagus"",5"
2024-11-26 04:22:55,Mantab,5
2024-11-26 07:55:14,BAGUS,5
2024-11-26 04:20:50,keren,5
2024-11-26 04:20:27,bagus bgt,5
2024-11-26 04:24:15,👍👍👍👍,5
"2024-11-19 04:39:41,""good, simple, attractive, easy to use"",5"
2024-11-19 04:20:11,bagusss!!,5
2024-11-19 04:39:18,Alhamdulillah,5
2024-11-19 05:28:43,Recomed,5
2024-11-20 04:25:25,sangat bagus,5
2024-11-13 04:18:13,Toco keren!,5
2024-11-13 04:21:06,WOWW,5
2024-11-13 04:17:58,sangat bagus,5
2024-10-29 05:05:05,Keren,5
2024-10-08 04:16:23,ok👍🏻,4
2024-10-02 04:37:32,Bagus,5
2024-10-01 04:27:58,Good,5
2024-10-03 03:57:10,Nice apps,5
2024-10-10 08:37:20,Aplikasi bagus,5
2024-09-11 04:16:22,Bagus,5
2024-09-11 04:11:38,ganteng,5
2024-09-11 03:59:25,Cakep,5
2024-09-11 03:55:52,Toco Sukses,5
2024-09-10 04:24:23,Tambah ilmu,5
2024-09-04 03:47:34,Okey bgtt,5
"2024-08-29 03:42:48,""Alhamdulillah, Bagus."",5"
2024-08-29 03:41:55,Manteppp...kerennn....,5
2024-08-29 03:44:08,Keren,5
2024-08-29 03:41:35,Bagus,5
2024-08-29 04:12:56,Baik,5
2024-08-29 03:41:54,Good marketplace,5
2024-08-01 14:48:57,Bgus bangett,5
2024-07-03 11:59:43,mantap,5
2021-10-22 12:27:42,Ok,5
2021-03-29 03:55:01,Aplikasinya sangat bagus & user friendly.,5
2021-03-26 05:27:36,mantap 👍,5
"2024-10-23 01:47:42,""Toco bisa membantu umkm mengembangkan usahanya,fitur2 yg mudah dan lengkap sangat enak digunakan masyarakat luas,semoga fitur pengembangan semakin baik dan toco semakin booming di masyarakat...."",5"
"2025-07-14 06:21:01,""Saya punya beberapa barang pre loved yang ingin dijual. Awalnya bingung mau dipasarkan di mana. Namun, dengan aplikasi TOCO ini membantu saya sebagai pemula untuk berjualan online."",5"
"2025-07-08 02:42:11,""Aplikasinya ringan dan mudah digunakan. Cocok buat cari barang bekas atau jual barang yang sudah nggak dipakai. Sukses terus Toco!"""""",5"
"2025-06-27 20:26:59,""hallo TOCO,,,apk nya bagus dan ringan,gampang di gunakan, namun saran saja,,kenapa tidak ada metode pembayaran COD"",5"
2025-06-01 02:47:50,untuk daerah Kalimantan khusus nya Palangka Raya masih blum bisa ya,5
2024-10-25 16:21:13,Pengguna baru...moga bisa membantu saya cari solusi,5
2025-05-29 02:08:36,di applkasi ini bisa affiliate kayak app sebelah gak ya ?,5
2025-07-08 08:50:21,Good app 🥰,5
2024-05-15 21:52:56,Bagus,1
2025-01-20 07:30:36,App Bagus dan menjanjikan,5
2025-07-09 14:03:27,cs toco responsif,5
2025-07-05 07:08:20,lemot,1
2021-09-11 14:33:21,Good,5
2025-07-08 08:28:47,josssssssss,5
2025-06-14 16:55:45,mantao,5
2024-07-24 15:49:38,Bagus,5
2024-08-29 03:40:58,Bagus,5
2024-11-19 04:25:07,bagus,5
2025-09-04 06:48:09,mantab,5
2025-06-20 04:30:20,good apps,5
2024-11-26 07:53:35,aplikasi yang keren,5
